source,target,condition,significance,log2fc,level,n_cells_condition,n_cells_control,cell_line
CREB1,ZNF429,CREB1+ctrl,1.1775083163014604e-10,-1.5788798,Yes,472,24263,K562
CREB1,P4HA2,CREB1+ctrl,0.0119271508461376,-0.9113579,Yes,472,24263,K562
CREB1,RUNX1,CREB1+ctrl,6.290742787247213e-14,-0.6291846,Yes,472,24263,K562
CREB1,CASP4,CREB1+ctrl,0.9700431296026436,1.2244816,No,472,24263,K562
CREB1,LPAR5,CREB1+ctrl,0.359688992728045,-0.27633715,No,472,24263,K562
CREB1,C6orf48,CREB1+ctrl,0.0008013815687841,-0.06860715,No,472,24263,K562
ZNF326,RIOK3,ZNF326+ctrl,6.912302942843374e-09,-0.9128313,Yes,517,24263,K562
ZNF326,CEBPG,ZNF326+ctrl,2.06125183035962e-40,-1.041349,Yes,517,24263,K562
ZNF326,PHF3,ZNF326+ctrl,5.6115728463109066e-14,-0.80145764,Yes,517,24263,K562
ZNF326,RP11-141B14.1,ZNF326+ctrl,0.843486275169592,-0.05519104,No,517,24263,K562
ZNF326,NBEAL2,ZNF326+ctrl,0.0749316039127628,-0.5137863,No,517,24263,K562
ZNF326,RP11-65L19.4,ZNF326+ctrl,0.9961555530560486,-13.3080015,No,517,24263,K562
BHLHE40,NRIP1,BHLHE40+ctrl,2.5226038060091223e-08,-1.1738033,Yes,504,24263,K562
BHLHE40,TET1,BHLHE40+ctrl,4.997166758750572e-06,-0.5206473,Yes,504,24263,K562
BHLHE40,RDH10,BHLHE40+ctrl,0.0018615748278879,-0.99931145,Yes,504,24263,K562
BHLHE40,CTSF,BHLHE40+ctrl,0.0098587194427769,-0.29370737,No,504,24263,K562
BHLHE40,RIMS3,BHLHE40+ctrl,0.5746609460955738,-0.54303026,No,504,24263,K562
BHLHE40,TKTL1,BHLHE40+ctrl,0.9456211442357118,-17.094479,No,504,24263,K562
DDIT3,STC2,DDIT3+ctrl,9.43634740615734e-07,-2.963844,Yes,435,24263,K562
DDIT3,PDE9A,DDIT3+ctrl,0.0107016822337121,-1.2203007,Yes,435,24263,K562
DDIT3,KLK1,DDIT3+ctrl,0.0006367713971415,-1.0213366,Yes,435,24263,K562
DDIT3,NFE2,DDIT3+ctrl,0.0075999151412648,-0.16228235,No,435,24263,K562
DDIT3,CASP8,DDIT3+ctrl,0.0008988836541711,-0.32541943,No,435,24263,K562
DDIT3,PTPRC,DDIT3+ctrl,0.9613657836415646,2.1248016,No,435,24263,K562
OST4,UHRF1BP1L,OST4+ctrl,0.0050329213180269,0.82439256,Yes,524,24263,K562
OST4,LINC00657,OST4+ctrl,2.071330360313439e-13,0.5090716,Yes,524,24263,K562
OST4,DOK3,OST4+ctrl,0.0116483044311197,0.80631137,Yes,524,24263,K562
OST4,DUT,OST4+ctrl,7.663992311746694e-05,-0.10313058,No,524,24263,K562
OST4,CDRT4,OST4+ctrl,0.9281947207377006,2.498218,No,524,24263,K562
OST4,ATP11B,OST4+ctrl,0.5705689878242883,0.0030390024,No,524,24263,K562
SEC61A1,RP11-423O2.5,SEC61A1+ctrl,1.2077539218776496e-07,0.51405835,Yes,962,24263,K562
SEC61A1,ZFHX3,SEC61A1+ctrl,0.0272633507846303,1.1255023,Yes,962,24263,K562
SEC61A1,LTB,SEC61A1+ctrl,3.193935146030957e-19,1.9182558,Yes,962,24263,K562
SEC61A1,PCK2,SEC61A1+ctrl,3.313802918414461e-11,0.46171188,No,962,24263,K562
SEC61A1,MS4A6E,SEC61A1+ctrl,0.997388536652075,0.5938339,No,962,24263,K562
SEC61A1,IL18R1,SEC61A1+ctrl,0.1618969399073168,0.8738227,No,962,24263,K562
EIF2B4,DOCK11,EIF2B4+ctrl,0.0125649479951,1.178385,Yes,545,24263,K562
EIF2B4,HMGCS1,EIF2B4+ctrl,3.584823958909644e-09,-0.5472702,Yes,545,24263,K562
EIF2B4,HIST1H2AM,EIF2B4+ctrl,2.5047467791767625e-06,0.898023,Yes,545,24263,K562
EIF2B4,GDF11,EIF2B4+ctrl,0.1945349086212355,-0.2854514,No,545,24263,K562
EIF2B4,RP11-90P5.2,EIF2B4+ctrl,0.9119761418506922,2.3046122,No,545,24263,K562
EIF2B4,SPINK5,EIF2B4+ctrl,0.8508666497572639,0.688282,No,545,24263,K562
SRPR,CD9,SRPR+ctrl,8.467024249016151e-05,0.5621191,Yes,506,24263,K562
SRPR,CLINT1,SRPR+ctrl,1.8979523039658827e-11,0.59255034,Yes,506,24263,K562
SRPR,NCKAP1L,SRPR+ctrl,0.0255912819237439,0.56393313,Yes,506,24263,K562
SRPR,SLFNL1,SRPR+ctrl,0.973410693392147,1.0741711,No,506,24263,K562
SRPR,ERV3-1,SRPR+ctrl,0.4778169878441533,0.13725257,No,506,24263,K562
SRPR,RP11-146D12.2,SRPR+ctrl,0.8312475420675562,2.0783715,No,506,24263,K562
IER3IP1,VIM-AS1,IER3IP1+ctrl,0.0002866857924825,-0.98137784,Yes,1267,24263,K562
IER3IP1,LDLR,IER3IP1+ctrl,3.0224221939460455e-08,0.6977447,Yes,1267,24263,K562
IER3IP1,PTPN11,IER3IP1+ctrl,9.807780014093809e-30,0.5339361,Yes,1267,24263,K562
IER3IP1,PDE4D,IER3IP1+ctrl,0.978261890032482,-15.1431465,No,1267,24263,K562
IER3IP1,DDX6,IER3IP1+ctrl,2.5515533664101983e-05,0.40992415,No,1267,24263,K562
IER3IP1,IRF7,IER3IP1+ctrl,0.64738180164961,0.6150584,No,1267,24263,K562
YIPF5,PCF11,YIPF5+ctrl,1.5946528662391672e-08,0.587571,Yes,1182,24263,K562
YIPF5,OPTN,YIPF5+ctrl,0.0163782089001142,1.9080467,Yes,1182,24263,K562
YIPF5,IL32,YIPF5+ctrl,0.0074828930901431,1.5039973,Yes,1182,24263,K562
YIPF5,CTD-2001C12.1,YIPF5+ctrl,0.9821480610739124,0.056581497,No,1182,24263,K562
YIPF5,MYH7B,YIPF5+ctrl,0.5526918897325046,0.53520393,No,1182,24263,K562
YIPF5,PPP1R16B,YIPF5+ctrl,0.2993294469130529,0.6075392,No,1182,24263,K562
HARS,PBDC1,HARS+ctrl,1.5206011931348222e-08,-0.676224,Yes,272,24263,K562
HARS,HP1BP3,HARS+ctrl,8.40832764414247e-10,0.5719809,Yes,272,24263,K562
HARS,SAMM50,HARS+ctrl,2.042620257801458e-09,-0.5355689,Yes,272,24263,K562
HARS,VPS41,HARS+ctrl,0.7147034498986211,0.25952744,No,272,24263,K562
HARS,KANSL1L,HARS+ctrl,0.948585924998757,0.65691423,No,272,24263,K562
HARS,POU2F2,HARS+ctrl,0.7475929015269771,-1.5419569,No,272,24263,K562
SLMO2,PTBP3,SLMO2+ctrl,2.159147829292701e-13,0.52593416,Yes,552,24263,K562
SLMO2,MEX3B,SLMO2+ctrl,7.095373486296736e-06,0.7617495,Yes,552,24263,K562
SLMO2,ARSA,SLMO2+ctrl,0.0062828998122638,1.0773466,Yes,552,24263,K562
SLMO2,SPCS2,SLMO2+ctrl,6.931071729283238e-13,0.15618467,No,552,24263,K562
SLMO2,UQCRB,SLMO2+ctrl,0.056231263861775,0.036537528,No,552,24263,K562
SLMO2,FAM114A1,SLMO2+ctrl,0.996346774669983,0.40771055,No,552,24263,K562
DAD1,RP11-132A1.4,DAD1+ctrl,1.5813849445987742e-06,1.2383804,Yes,618,24263,K562
DAD1,BRWD3,DAD1+ctrl,0.0008238002596626,0.6954267,Yes,618,24263,K562
DAD1,ANXA4,DAD1+ctrl,0.0012194251934581,0.5832336,Yes,618,24263,K562
DAD1,TSNAXIP1,DAD1+ctrl,0.9925948931441232,0.6016903,No,618,24263,K562
DAD1,HLA-AS1,DAD1+ctrl,0.952630424634535,0.071780205,No,618,24263,K562
DAD1,JUND,DAD1+ctrl,4.02373357639504e-05,0.38252854,No,618,24263,K562
TIMM23,WHAMM,TIMM23+ctrl,0.0001125924492452,0.58170056,Yes,625,24263,K562
TIMM23,REST,TIMM23+ctrl,6.029139643667014e-26,0.6680001,Yes,625,24263,K562
TIMM23,COPB1,TIMM23+ctrl,9.099000778301908e-05,0.52494514,Yes,625,24263,K562
TIMM23,DNTTIP2,TIMM23+ctrl,3.060984314589291e-15,0.33177188,No,625,24263,K562
TIMM23,TMEM87B,TIMM23+ctrl,0.6870460799855125,0.30146456,No,625,24263,K562
TIMM23,RP11-138C9.1,TIMM23+ctrl,0.9901587162831832,-14.659842,No,625,24263,K562
AMIGO3,SNHG12,AMIGO3+ctrl,5.579920477162222e-18,-1.5320117,Yes,616,24263,K562
AMIGO3,ATF6,AMIGO3+ctrl,2.037881424761252e-10,0.6556779,Yes,616,24263,K562
AMIGO3,ESCO1,AMIGO3+ctrl,1.477551154741133e-12,0.6986104,Yes,616,24263,K562
AMIGO3,RSL24D1,AMIGO3+ctrl,1.5419422365494056e-12,0.16220129,No,616,24263,K562
AMIGO3,GATA3,AMIGO3+ctrl,0.8336995610373157,-18.171276,No,616,24263,K562
AMIGO3,APOL4,AMIGO3+ctrl,0.2894465693462738,0.7337055,No,616,24263,K562
DARS,PRRC2B,DARS+ctrl,6.640801547859227e-08,0.6714599,Yes,550,24263,K562
DARS,HIST1H3D,DARS+ctrl,3.560168036818396e-05,-0.7421813,Yes,550,24263,K562
DARS,SPAST,DARS+ctrl,0.0345938244784445,0.58584714,Yes,550,24263,K562
DARS,RP11-863K10.7,DARS+ctrl,0.9788684867778806,-15.318496,No,550,24263,K562
DARS,RP11-789C1.1,DARS+ctrl,0.9960373942541904,-13.48923,No,550,24263,K562
DARS,HERC2,DARS+ctrl,0.0662387991022596,0.21621633,No,550,24263,K562
IDH3A,ZEB2,IDH3A+ctrl,1.626801556105093e-05,0.72556984,Yes,540,24263,K562
IDH3A,VIMP,IDH3A+ctrl,1.2727915901829744e-34,-0.6647456,Yes,540,24263,K562
IDH3A,TOB2,IDH3A+ctrl,0.0044120809614484,0.76414394,Yes,540,24263,K562
IDH3A,SHOX2,IDH3A+ctrl,0.1727160963236613,0.6617267,No,540,24263,K562
IDH3A,RP11-334C17.5,IDH3A+ctrl,0.8621063243161172,-1.285553,No,540,24263,K562
IDH3A,KCNE3,IDH3A+ctrl,0.7620793294816869,0.84002256,No,540,24263,K562
IARS2,HIST1H1E,IARS2+ctrl,3.866144377577965e-50,1.2847909,Yes,923,24263,K562
IARS2,TLN1,IARS2+ctrl,3.3420127785800515e-54,0.86675733,Yes,923,24263,K562
IARS2,HRK,IARS2+ctrl,0.0166010675489385,1.8246284,Yes,923,24263,K562
IARS2,RP11-38P22.2,IARS2+ctrl,0.9638600929042688,2.1399565,No,923,24263,K562
IARS2,KHDC1L,IARS2+ctrl,0.95247282154064,-16.244165,No,923,24263,K562
IARS2,ADAMTS10,IARS2+ctrl,0.1957611524696008,2.0488448,No,923,24263,K562
SOCS1,DDX3X,SOCS1+ctrl,1.4037477337756852e-13,0.59453446,Yes,383,24263,K562
SOCS1,RP11-328J2.1,SOCS1+ctrl,0.0460014215109164,0.55829525,Yes,383,24263,K562
SOCS1,ZNF280B,SOCS1+ctrl,8.797668567491164e-05,0.63229644,Yes,383,24263,K562
SOCS1,GOT1,SOCS1+ctrl,0.131919930616809,0.14780468,No,383,24263,K562
SOCS1,RP11-640M9.1,SOCS1+ctrl,0.8393513548326351,1.7228479,No,383,24263,K562
SOCS1,ZFHX3,SOCS1+ctrl,0.9234359005408546,0.20623684,No,383,24263,K562
UFL1,SP100,UFL1+ctrl,0.002113759996938,0.55134225,Yes,482,24263,K562
UFL1,SLC37A1,UFL1+ctrl,0.0005727826372643,0.59538555,Yes,482,24263,K562
UFL1,KDM1B,UFL1+ctrl,0.0007897502834509,0.85632443,Yes,482,24263,K562
UFL1,BAMBI,UFL1+ctrl,7.988155804817556e-05,0.49929774,No,482,24263,K562
UFL1,SETD5-AS1,UFL1+ctrl,0.0037792140028515,0.1296519,No,482,24263,K562
UFL1,RP11-435O5.4,UFL1+ctrl,0.7243305894650756,1.4213724,No,482,24263,K562
DDRGK1,GMEB1,DDRGK1+ctrl,0.0414955839981969,0.69173527,Yes,513,24263,K562
DDRGK1,JARID2,DDRGK1+ctrl,9.960454810909498e-08,0.574021,Yes,513,24263,K562
DDRGK1,UBE3A,DDRGK1+ctrl,1.2610795204926404e-05,0.5594989,Yes,513,24263,K562
DDRGK1,SRP72,DDRGK1+ctrl,0.0009702156293396,-0.086298525,No,513,24263,K562
DDRGK1,CYP17A1-AS1,DDRGK1+ctrl,0.9591658965379738,-16.216896,No,513,24263,K562
DDRGK1,IL8,DDRGK1+ctrl,0.4685872623881055,1.9153433,No,513,24263,K562
QARS,HOTAIRM1,QARS+ctrl,1.0095775284117345e-07,1.1660714,Yes,305,24263,K562
QARS,BAMBI,QARS+ctrl,2.6396637687023743e-05,-0.7110889,Yes,305,24263,K562
QARS,ZNF280B,QARS+ctrl,0.0440105529208764,0.6329596,Yes,305,24263,K562
QARS,RP11-573D15.9,QARS+ctrl,0.8040778146828826,1.5506463,No,305,24263,K562
QARS,ITGB2,QARS+ctrl,0.1561140026265995,2.1904166,No,305,24263,K562
QARS,SNHG10,QARS+ctrl,0.0948253544259252,0.6289413,No,305,24263,K562
STT3A,NPDC1,STT3A+ctrl,0.0053540973413294,0.6461551,Yes,391,24263,K562
STT3A,RCBTB2,STT3A+ctrl,3.4157511597586565e-05,0.99771,Yes,391,24263,K562
STT3A,NSD1,STT3A+ctrl,2.316949441871042e-14,0.5872693,Yes,391,24263,K562
STT3A,TAGLN,STT3A+ctrl,0.9985626739136,0.17296314,No,391,24263,K562
STT3A,ZNF678,STT3A+ctrl,0.6768967445878553,0.4100399,No,391,24263,K562
STT3A,KCTD1,STT3A+ctrl,0.9317575255987716,-0.31220102,No,391,24263,K562
SAMM50,ZEB1,SAMM50+ctrl,0.0119021330546502,0.63328314,Yes,672,24263,K562
SAMM50,NUF2,SAMM50+ctrl,1.1045098965289337e-08,0.5020304,Yes,672,24263,K562
SAMM50,GUSB,SAMM50+ctrl,3.1389077317229684e-77,0.8698497,Yes,672,24263,K562
SAMM50,NOXA1,SAMM50+ctrl,0.8878771075637863,1.3605652,No,672,24263,K562
SAMM50,RP11-61E11.1,SAMM50+ctrl,0.9883487040718174,-14.194282,No,672,24263,K562
SAMM50,MARCH8,SAMM50+ctrl,0.9772111753712532,0.1380055,No,672,24263,K562
MRGBP,AC079466.1,MRGBP+ctrl,1.890704606170904e-18,0.64525485,Yes,487,24263,K562
MRGBP,LRIF1,MRGBP+ctrl,6.297176821717506e-24,0.5509232,Yes,487,24263,K562
MRGBP,RSAD2,MRGBP+ctrl,0.0002574325102867,1.358695,Yes,487,24263,K562
MRGBP,ARHGAP30,MRGBP+ctrl,0.9552213624557202,-16.69357,No,487,24263,K562
MRGBP,WHSC1,MRGBP+ctrl,0.0006833422834595,0.44432378,No,487,24263,K562
MRGBP,RP11-24F11.2,MRGBP+ctrl,0.8900291305978325,3.295967,No,487,24263,K562
SEL1L,ZNF292,SEL1L+ctrl,7.294363087430788e-11,0.8455421,Yes,376,24263,K562
SEL1L,TMOD3,SEL1L+ctrl,0.0001150637695511,0.54076564,Yes,376,24263,K562
SEL1L,ZMYND8,SEL1L+ctrl,2.4122299823859494e-11,0.5262721,Yes,376,24263,K562
SEL1L,C12orf44,SEL1L+ctrl,0.0139159527587401,0.1431796,No,376,24263,K562
SEL1L,CTD-2267D19.3,SEL1L+ctrl,0.9791787733509476,-15.636832,No,376,24263,K562
SEL1L,RP11-381O7.3,SEL1L+ctrl,0.0866139680720576,0.5958464,No,376,24263,K562
PDIA6,DOCK8,PDIA6+ctrl,0.0141165505120955,0.5060854,Yes,505,24263,K562
PDIA6,SPEN,PDIA6+ctrl,2.0836744700290243e-14,0.7217518,Yes,505,24263,K562
PDIA6,NFE2L3,PDIA6+ctrl,1.0358892026223826e-08,1.1635809,Yes,505,24263,K562
PDIA6,LBX1,PDIA6+ctrl,0.9974663351990904,-12.919076,No,505,24263,K562
PDIA6,ATP6V1B2,PDIA6+ctrl,0.7737048899295279,0.10278213,No,505,24263,K562
PDIA6,RP11-81A22.5,PDIA6+ctrl,0.927639053134833,1.7132721,No,505,24263,K562
ATP5B,ATP6AP2,ATP5B+ctrl,2.7032334225557554e-51,0.7420707,Yes,547,24263,K562
ATP5B,DNASE2,ATP5B+ctrl,2.89416233315785e-09,1.0102217,Yes,547,24263,K562
ATP5B,SERPINH1,ATP5B+ctrl,4.55716492776945e-16,0.5565746,Yes,547,24263,K562
ATP5B,EBI3,ATP5B+ctrl,0.9507091765057888,0.44416714,No,547,24263,K562
ATP5B,RP11-247A12.2,ATP5B+ctrl,0.9355203739958952,-16.992432,No,547,24263,K562
ATP5B,AC012594.1,ATP5B+ctrl,0.9574099916732238,1.4549408,No,547,24263,K562
SYVN1,EP300,SYVN1+ctrl,0.0013054750142356,0.790313,Yes,553,24263,K562
SYVN1,LST1,SYVN1+ctrl,6.504271629165488e-10,1.2247655,Yes,553,24263,K562
SYVN1,UBE2V1,SYVN1+ctrl,3.5504200651796527e-05,1.2792745,Yes,553,24263,K562
SYVN1,EPB42,SYVN1+ctrl,0.9840987757760368,0.3852105,No,553,24263,K562
SYVN1,VIM-AS1,SYVN1+ctrl,0.1713258458612568,-0.3657806,No,553,24263,K562
SYVN1,USP37,SYVN1+ctrl,0.0787903432505921,0.41254497,No,553,24263,K562
MTHFD1,RPL39,MTHFD1+ctrl,6.352968036564622e-22,-0.97638077,Yes,421,24263,K562
MTHFD1,ARHGAP6,MTHFD1+ctrl,2.157122434547441e-07,0.7880688,Yes,421,24263,K562
MTHFD1,C12orf23,MTHFD1+ctrl,0.0066792941178894,-0.8217838,Yes,421,24263,K562
MTHFD1,SDF4,MTHFD1+ctrl,0.6781199936143536,-0.033821553,No,421,24263,K562
MTHFD1,KCNH7,MTHFD1+ctrl,0.9482932248530926,2.673091,No,421,24263,K562
MTHFD1,PKDCC,MTHFD1+ctrl,0.9998623929044952,0.44560623,No,421,24263,K562
GMPPB,LTBP1,GMPPB+ctrl,9.506404180817086e-07,0.76503813,Yes,506,24263,K562
GMPPB,NFAT5,GMPPB+ctrl,0.0253798494856974,0.5675843,Yes,506,24263,K562
GMPPB,DDIT4,GMPPB+ctrl,4.634233541843986e-50,0.77219766,Yes,506,24263,K562
GMPPB,ATP2A3,GMPPB+ctrl,0.6694377678887222,0.44153357,No,506,24263,K562
GMPPB,OR2T6,GMPPB+ctrl,0.9974638790639384,-12.627016,No,506,24263,K562
GMPPB,TRAPPC10,GMPPB+ctrl,0.0488050933549786,0.32701337,No,506,24263,K562
CAD,TACC3,CAD+ctrl,0.0052081114934733,0.52799094,Yes,242,24263,K562
CAD,AC096559.1,CAD+ctrl,2.2481091956061496e-16,2.4907644,Yes,242,24263,K562
CAD,SNHG10,CAD+ctrl,0.0049099201588217,0.6003915,Yes,242,24263,K562
CAD,RP11-434H6.6,CAD+ctrl,0.9823682851710628,-15.848008,No,242,24263,K562
CAD,AC008074.3,CAD+ctrl,0.9612223480413384,-16.519678,No,242,24263,K562
CAD,CTD-2587M2.1,CAD+ctrl,0.9629836733402763,-16.65362,No,242,24263,K562
TMEM167A,AKAP11,TMEM167A+ctrl,4.499484883600497e-07,0.8318894,Yes,385,24263,K562
TMEM167A,GUSB,TMEM167A+ctrl,8.379051734208436e-16,0.55067825,Yes,385,24263,K562
TMEM167A,GLG1,TMEM167A+ctrl,0.0021238105312367,0.66259456,Yes,385,24263,K562
TMEM167A,PRSS57,TMEM167A+ctrl,1.045877815751753e-08,0.27475893,No,385,24263,K562
TMEM167A,ARHGDIB,TMEM167A+ctrl,0.4213276210929036,1.9123826,No,385,24263,K562
TMEM167A,CRNDE,TMEM167A+ctrl,0.3997964980443604,0.024201155,No,385,24263,K562
GNPNAT1,KLF3,GNPNAT1+ctrl,5.304015343833088e-07,0.64645875,Yes,428,24263,K562
GNPNAT1,TLK2,GNPNAT1+ctrl,0.0001402264837653,0.7127037,Yes,428,24263,K562
GNPNAT1,C1GALT1,GNPNAT1+ctrl,1.6706087121757504e-08,0.50362647,Yes,428,24263,K562
GNPNAT1,AC015987.2,GNPNAT1+ctrl,0.7398327195695249,2.8305626,No,428,24263,K562
GNPNAT1,ABI2,GNPNAT1+ctrl,0.0088526056623312,-0.21538043,No,428,24263,K562
GNPNAT1,RP11-212I21.4,GNPNAT1+ctrl,0.908800053850887,-1.3098526,No,428,24263,K562
TTI2,FCGR2A,TTI2+ctrl,0.0004478164957609,0.70836973,Yes,530,24263,K562
TTI2,EP300,TTI2+ctrl,0.0003899667843553,0.80921435,Yes,530,24263,K562
TTI2,RTN2,TTI2+ctrl,9.78564631522614e-10,0.59981394,Yes,530,24263,K562
TTI2,MANF,TTI2+ctrl,8.774576331208431e-24,-0.4988343,No,530,24263,K562
TTI2,PGM3,TTI2+ctrl,0.1711377742164007,-0.13077235,No,530,24263,K562
TTI2,ZFHX3,TTI2+ctrl,0.4337785963593311,0.6924443,No,530,24263,K562
SLC39A7,PTAR1,SLC39A7+ctrl,0.0001370157230368,0.7146764,Yes,518,24263,K562
SLC39A7,PELO,SLC39A7+ctrl,2.888529194557612e-09,0.51797533,Yes,518,24263,K562
SLC39A7,TXNIP,SLC39A7+ctrl,4.833708219848888e-31,0.82579315,Yes,518,24263,K562
SLC39A7,SLBP,SLC39A7+ctrl,0.5673230748614888,-0.046943218,No,518,24263,K562
SLC39A7,NINJ2,SLC39A7+ctrl,0.0795277181544427,0.5644412,No,518,24263,K562
SLC39A7,SNRNP25,SLC39A7+ctrl,3.5371806650191585e-23,-0.23292622,No,518,24263,K562
DERL2,PDK2,DERL2+ctrl,0.0314886818994936,0.8120234,Yes,542,24263,K562
DERL2,LRRC4B,DERL2+ctrl,0.0213704175579573,1.2203,Yes,542,24263,K562
DERL2,CENPC,DERL2+ctrl,4.606281746218161e-09,0.76838267,Yes,542,24263,K562
DERL2,SLC26A1,DERL2+ctrl,0.6354852853057522,0.99165297,No,542,24263,K562
DERL2,CST7,DERL2+ctrl,0.9063966950428068,2.4837942,No,542,24263,K562
DERL2,ACSM3,DERL2+ctrl,0.9463801078016724,0.14680386,No,542,24263,K562
NEDD8,GPRC5C,NEDD8+ctrl,5.255832136877424e-10,1.2885486,Yes,389,24263,K562
NEDD8,FAM212A,NEDD8+ctrl,5.3475750976244986e-08,1.1085024,Yes,389,24263,K562
NEDD8,AMOTL1,NEDD8+ctrl,0.0004890278148463,0.69043016,Yes,389,24263,K562
NEDD8,AC015987.1,NEDD8+ctrl,0.971030150059314,-15.904105,No,389,24263,K562
NEDD8,C6orf120,NEDD8+ctrl,0.005917872622663,0.3531928,No,389,24263,K562
NEDD8,PSORS1C1,NEDD8+ctrl,0.9749843931576996,0.22850227,No,389,24263,K562
TELO2,TNFRSF10B,TELO2+ctrl,0.00188479253457,-0.8593712,Yes,562,24263,K562
TELO2,KLF6,TELO2+ctrl,8.751304691887131e-06,-0.7690935,Yes,562,24263,K562
TELO2,CLCA1,TELO2+ctrl,1.4601970580299612e-83,1.0109514,Yes,562,24263,K562
TELO2,ANKLE2,TELO2+ctrl,2.9277566715167674e-06,0.44415247,No,562,24263,K562
TELO2,H3F3B,TELO2+ctrl,0.0082558051967765,0.015901923,No,562,24263,K562
TELO2,F2RL2,TELO2+ctrl,0.9200413225157646,-17.160906,No,562,24263,K562
HSPA9,C19orf59,HSPA9+ctrl,0.0263803300171497,2.4886174,Yes,718,24263,K562
HSPA9,IL13RA1,HSPA9+ctrl,3.089312278028017e-10,1.0692003,Yes,718,24263,K562
HSPA9,FYTTD1,HSPA9+ctrl,1.227492526126006e-27,0.6588431,Yes,718,24263,K562
HSPA9,PPP4R2,HSPA9+ctrl,2.454867906683674e-09,0.22578087,No,718,24263,K562
HSPA9,DKFZP779L1853,HSPA9+ctrl,0.4235305500931695,1.5381117,No,718,24263,K562
HSPA9,RP11-254F7.4,HSPA9+ctrl,0.3490300358016216,-0.7324133,No,718,24263,K562
MRPL39,P4HA2,MRPL39+ctrl,0.0097273845390005,0.7922864,Yes,582,24263,K562
MRPL39,MANF,MRPL39+ctrl,3.630082336802251e-38,-0.6504469,Yes,582,24263,K562
MRPL39,HIST1H2AM,MRPL39+ctrl,5.0880725486343635e-09,0.8870027,Yes,582,24263,K562
MRPL39,RP13-216E22.4,MRPL39+ctrl,0.923567320043286,1.5711651,No,582,24263,K562
MRPL39,RP11-119J18.1,MRPL39+ctrl,0.9664921277201112,0.8952198,No,582,24263,K562
MRPL39,CTNNB1,MRPL39+ctrl,0.030639112444742,0.3688202,No,582,24263,K562
GBF1,NUFIP2,GBF1+ctrl,2.272737422164512e-12,0.66107786,Yes,786,24263,K562
GBF1,SETX,GBF1+ctrl,4.362117213444496e-10,0.6773832,Yes,786,24263,K562
GBF1,HLTF,GBF1+ctrl,1.0590256730311656e-15,0.5738102,Yes,786,24263,K562
GBF1,CD58,GBF1+ctrl,0.0035937946722224,0.3378774,No,786,24263,K562
GBF1,UFD1L,GBF1+ctrl,5.5425513840730895e-06,-0.04607904,No,786,24263,K562
GBF1,RBM12B-AS1,GBF1+ctrl,0.9858565417980192,-14.424574,No,786,24263,K562
FARSB,RNF139-AS1,FARSB+ctrl,0.0193660032666719,1.0203991,Yes,517,24263,K562
FARSB,CRYM,FARSB+ctrl,2.2207804164410184e-10,-0.5183873,Yes,517,24263,K562
FARSB,ZP3,FARSB+ctrl,0.0065963780570495,1.4054189,Yes,517,24263,K562
FARSB,MORC2-AS1,FARSB+ctrl,0.843838764871922,0.2215867,No,517,24263,K562
FARSB,SBF2,FARSB+ctrl,0.536122993271881,-0.5368571,No,517,24263,K562
FARSB,ACE,FARSB+ctrl,0.3866220403928025,2.3942895,No,517,24263,K562
SEC63,KIF4A,SEC63+ctrl,0.0038816265700436,0.5844226,Yes,557,24263,K562
SEC63,RP11-471M2.3,SEC63+ctrl,0.0123744774532369,0.7577493,Yes,557,24263,K562
SEC63,CTCFL,SEC63+ctrl,2.1703318530314272e-23,0.7077855,Yes,557,24263,K562
SEC63,CLDN11,SEC63+ctrl,0.9865310257316152,0.039525032,No,557,24263,K562
SEC63,MORF4L2,SEC63+ctrl,0.3334256969920072,-0.025219828,No,557,24263,K562
SEC63,HAGH,SEC63+ctrl,0.0079603782066785,0.20683587,No,557,24263,K562
MANF,IDH3A,MANF+ctrl,1.6497594009082013e-08,-0.5453867,Yes,462,24263,K562
MANF,IFNGR1,MANF+ctrl,1.1222996301721908e-16,0.838045,Yes,462,24263,K562
MANF,ASPM,MANF+ctrl,1.7373448525103243e-08,0.5740432,Yes,462,24263,K562
MANF,CTSV,MANF+ctrl,0.0368912425253174,-0.24661183,No,462,24263,K562
MANF,KCTD19,MANF+ctrl,0.9854477662729276,-14.787305,No,462,24263,K562
MANF,CD83,MANF+ctrl,0.6996567513265184,0.5814996,No,462,24263,K562
MARS,RAI14,MARS+ctrl,9.684777945111746e-06,0.51379097,Yes,434,24263,K562
MARS,RGS20,MARS+ctrl,0.0032023532475803,-0.6096716,Yes,434,24263,K562
MARS,CRYM,MARS+ctrl,2.305460267757508e-12,-0.7230344,Yes,434,24263,K562
MARS,RUNX1,MARS+ctrl,0.0699849875146874,0.13764668,No,434,24263,K562
MARS,DUSP21,MARS+ctrl,0.9625088410930344,0.8383465,No,434,24263,K562
MARS,RP11-685N10.1,MARS+ctrl,0.9952956471731844,-13.182464,No,434,24263,K562
HSD17B12,CDK13,HSD17B12+ctrl,0.0116596401110989,0.6813545,Yes,323,24263,K562
HSD17B12,LAMP2,HSD17B12+ctrl,0.007579955317298,0.59272885,Yes,323,24263,K562
HSD17B12,S100A13,HSD17B12+ctrl,4.2792532528427533e-13,0.64995956,Yes,323,24263,K562
HSD17B12,RP11-360L9.8,HSD17B12+ctrl,0.9959324299542764,-13.445434,No,323,24263,K562
HSD17B12,RILPL2,HSD17B12+ctrl,0.1891728914011475,0.37490273,No,323,24263,K562
HSD17B12,CDKN2C,HSD17B12+ctrl,0.0023919402532742,-0.26969707,No,323,24263,K562
SEC61B,PSMC1,SEC61B+ctrl,0.009168730411376,0.5827451,Yes,426,24263,K562
SEC61B,EXO1,SEC61B+ctrl,4.684879848086917e-06,0.59566164,Yes,426,24263,K562
SEC61B,SPAST,SEC61B+ctrl,0.0195574404938891,0.5904825,Yes,426,24263,K562
SEC61B,OXLD1,SEC61B+ctrl,4.360737628347992e-17,0.2564733,No,426,24263,K562
SEC61B,PIK3IP1,SEC61B+ctrl,0.94795261922331,0.047380447,No,426,24263,K562
SEC61B,RGS3,SEC61B+ctrl,0.8574239313865003,-18.166183,No,426,24263,K562
TARS,RP11-499F3.2,TARS+ctrl,0.0193564961569494,0.8835933,Yes,671,24263,K562
TARS,TOPBP1,TARS+ctrl,1.5355311890146454e-10,0.52760303,Yes,671,24263,K562
TARS,VAMP2,TARS+ctrl,4.5457280999825104e-12,0.5317786,Yes,671,24263,K562
TARS,AFF1,TARS+ctrl,0.4155711274451215,0.509387,No,671,24263,K562
TARS,AC007038.7,TARS+ctrl,0.7824294551427664,1.12819,No,671,24263,K562
TARS,RP11-227G15.8,TARS+ctrl,0.980838597418886,0.60427094,No,671,24263,K562
ASCC3,SKIL,ASCC3+ctrl,0.0363001422087866,0.676203,Yes,524,24263,K562
ASCC3,ATP5EP2,ASCC3+ctrl,1.8135588387567797e-23,-1.4344462,Yes,524,24263,K562
ASCC3,CPQ,ASCC3+ctrl,2.26649751179314e-09,-0.8666818,Yes,524,24263,K562
ASCC3,HPCAL1,ASCC3+ctrl,0.0360852798520291,0.31053126,No,524,24263,K562
ASCC3,AC104532.4,ASCC3+ctrl,0.936566407017747,1.1518111,No,524,24263,K562
ASCC3,CTD-2521M24.9,ASCC3+ctrl,0.8979551400599374,0.91703606,No,524,24263,K562
EIF2B2,QSER1,EIF2B2+ctrl,0.0029729485522164,0.64466965,Yes,508,24263,K562
EIF2B2,PCK2,EIF2B2+ctrl,3.661833861294418e-30,0.9134407,Yes,508,24263,K562
EIF2B2,HIST1H2AC,EIF2B2+ctrl,5.972737312877262e-34,-0.608635,Yes,508,24263,K562
EIF2B2,RP11-838N2.4,EIF2B2+ctrl,0.9947454084751718,0.9500408,No,508,24263,K562
EIF2B2,C10orf32,EIF2B2+ctrl,0.6831700952768456,0.29938555,No,508,24263,K562
EIF2B2,RP11-363D14.1,EIF2B2+ctrl,0.9748464724030812,1.0490904,No,508,24263,K562
SARS,PHF19,SARS+ctrl,9.809837508835187e-76,-0.7318865,Yes,392,24263,K562
SARS,PIF1,SARS+ctrl,8.919314013306068e-05,-0.61434245,Yes,392,24263,K562
SARS,TROAP,SARS+ctrl,3.1159397708096254e-12,-0.63751745,Yes,392,24263,K562
SARS,GNPTG,SARS+ctrl,0.207465316928644,0.62073374,No,392,24263,K562
SARS,PSMD14,SARS+ctrl,0.052587602394474,0.032473773,No,392,24263,K562
SARS,NXF1,SARS+ctrl,0.1441015038788081,0.031590223,No,392,24263,K562
ARHGAP22,RGS20,ARHGAP22+ctrl,8.420390054582058e-12,1.0040398,Yes,406,24263,K562
ARHGAP22,LTN1,ARHGAP22+ctrl,2.288625830263389e-06,0.7865962,Yes,406,24263,K562
ARHGAP22,DYNC1H1,ARHGAP22+ctrl,1.0428844092273267e-09,0.59550107,Yes,406,24263,K562
ARHGAP22,SLC25A35,ARHGAP22+ctrl,0.7326223291028697,1.0209622,No,406,24263,K562
ARHGAP22,MT2A,ARHGAP22+ctrl,0.180824431351991,-0.18104959,No,406,24263,K562
ARHGAP22,MLEC,ARHGAP22+ctrl,0.1018518471542539,0.06846791,No,406,24263,K562
TTI1,RNF8,TTI1+ctrl,2.1817532789101112e-18,0.5447657,Yes,435,24263,K562
TTI1,TRIM24,TTI1+ctrl,3.408239450897902e-17,0.7823123,Yes,435,24263,K562
TTI1,GSN,TTI1+ctrl,0.0005364710418637,1.0773828,Yes,435,24263,K562
TTI1,TTC32,TTI1+ctrl,0.059516746620235,0.400177,No,435,24263,K562
TTI1,ZNF789,TTI1+ctrl,0.1387368759242074,0.562912,No,435,24263,K562
TTI1,RP11-16E12.1,TTI1+ctrl,0.9228274831107404,1.5686932,No,435,24263,K562
HSPA5,SERPING1,HSPA5+ctrl,6.0538203098578076e-27,1.4770821,Yes,1002,24263,K562
HSPA5,S100A11,HSPA5+ctrl,8.392015794111856e-114,0.5101744,Yes,1002,24263,K562
HSPA5,HLA-E,HSPA5+ctrl,0.0018802350951668,0.76605916,Yes,1002,24263,K562
HSPA5,TSC22D4,HSPA5+ctrl,2.303750529927059e-09,0.4191599,No,1002,24263,K562
HSPA5,AC018878.3,HSPA5+ctrl,0.994699557653874,-13.266531,No,1002,24263,K562
HSPA5,GS1-166A23.1,HSPA5+ctrl,0.9233863265452128,2.8798475,No,1002,24263,K562
PSMD4,SMIM14,PSMD4+ctrl,0.0443323640823608,-0.69663405,Yes,488,24263,K562
PSMD4,EGLN3,PSMD4+ctrl,1.5697212602357895e-08,0.9025792,Yes,488,24263,K562
PSMD4,NPAT,PSMD4+ctrl,0.0377301786436243,0.5119071,Yes,488,24263,K562
PSMD4,AP000688.8,PSMD4+ctrl,0.9641812200630864,2.1968832,No,488,24263,K562
PSMD4,SIGLEC6,PSMD4+ctrl,0.9599509503684228,-0.39661503,No,488,24263,K562
PSMD4,EXOC3L2,PSMD4+ctrl,0.4430278967761974,-0.27352953,No,488,24263,K562
SRP72,SETX,SRP72+ctrl,5.94926244021634e-05,0.63160527,Yes,441,24263,K562
SRP72,LIMS1,SRP72+ctrl,9.81965389081809e-27,0.5180954,Yes,441,24263,K562
SRP72,TRIM38,SRP72+ctrl,0.0001374124555821,0.8882561,Yes,441,24263,K562
SRP72,TUBA1C,SRP72+ctrl,0.4872036007845243,0.017187476,No,441,24263,K562
SRP72,C3AR1,SRP72+ctrl,0.5411139990669409,1.0401325,No,441,24263,K562
SRP72,NOX5,SRP72+ctrl,0.4423883297886782,0.7685456,No,441,24263,K562
KCTD16,ARHGAP6,KCTD16+ctrl,6.629039589129143e-05,0.68982005,Yes,405,24263,K562
KCTD16,ARHGAP5,KCTD16+ctrl,2.3620221316506133e-07,0.6033281,Yes,405,24263,K562
KCTD16,CCDC69,KCTD16+ctrl,2.7323339702531688e-05,-0.640187,Yes,405,24263,K562
KCTD16,ZFP36L2,KCTD16+ctrl,0.1787990635542379,-0.07035208,No,405,24263,K562
KCTD16,CHST12,KCTD16+ctrl,0.8707906899194684,0.13589215,No,405,24263,K562
KCTD16,BACH2,KCTD16+ctrl,0.9862553470443356,0.49431515,No,405,24263,K562
SCYL1,PTGS1,SCYL1+ctrl,0.0245027924043456,1.1845565,Yes,1024,24263,K562
SCYL1,DST,SCYL1+ctrl,2.6136441617983075e-28,0.97536683,Yes,1024,24263,K562
SCYL1,RHCE,SCYL1+ctrl,8.14763163130104e-32,0.6048405,Yes,1024,24263,K562
SCYL1,TMEM60,SCYL1+ctrl,0.0902789835196228,-0.027580619,No,1024,24263,K562
SCYL1,TSPAN33,SCYL1+ctrl,0.9875031240434732,-14.384581,No,1024,24263,K562
SCYL1,FCGRT,SCYL1+ctrl,1.388579627494189e-05,0.27251005,No,1024,24263,K562
SRP68,SEPT5,SRP68+ctrl,3.1457250040691074e-05,-0.6419389,Yes,583,24263,K562
SRP68,CCRL2,SRP68+ctrl,0.0254053036568542,1.0890279,Yes,583,24263,K562
SRP68,ZNF292,SRP68+ctrl,2.199032029441356e-11,0.8227576,Yes,583,24263,K562
SRP68,APOBEC3D,SRP68+ctrl,0.8725127920147289,-1.1706495,No,583,24263,K562
SRP68,RP3-465N24.6,SRP68+ctrl,0.9079804264050854,-0.1503129,No,583,24263,K562
SRP68,RP11-2H8.2,SRP68+ctrl,0.9932049838752168,-14.138145,No,583,24263,K562
EIF2S1,IL2RB,EIF2S1+ctrl,0.0161464674406489,2.9138603,Yes,415,24263,K562
EIF2S1,TIPARP,EIF2S1+ctrl,0.028055505617055,1.5297551,Yes,415,24263,K562
EIF2S1,NRIP1,EIF2S1+ctrl,0.0008068111925656,0.7464509,Yes,415,24263,K562
EIF2S1,SOBP,EIF2S1+ctrl,0.9953980034106332,-13.340736,No,415,24263,K562
EIF2S1,RP11-3D4.3,EIF2S1+ctrl,0.8359468720400854,3.3980923,No,415,24263,K562
EIF2S1,KCNJ13,EIF2S1+ctrl,0.9976989921368292,-12.710388,No,415,24263,K562
TIMM44,EP400,TIMM44+ctrl,0.0460791381096713,0.5827291,Yes,487,24263,K562
TIMM44,ZC3H7A,TIMM44+ctrl,0.0301694800782866,0.5463867,Yes,487,24263,K562
TIMM44,SLC27A2,TIMM44+ctrl,3.525449557872587e-05,0.8770205,Yes,487,24263,K562
TIMM44,TTC18,TIMM44+ctrl,0.6180840137445593,1.505094,No,487,24263,K562
TIMM44,PARP11,TIMM44+ctrl,0.6712945682182038,1.8375287,No,487,24263,K562
TIMM44,C17orf64,TIMM44+ctrl,0.9813341322497748,-15.189164,No,487,24263,K562
PTDSS1,ARHGAP11A,PTDSS1+ctrl,3.10851694212778e-06,0.57718456,Yes,449,24263,K562
PTDSS1,PITPNB,PTDSS1+ctrl,4.647987117089632e-14,1.1004149,Yes,449,24263,K562
PTDSS1,KIAA0922,PTDSS1+ctrl,1.2040043828645538e-05,0.79595876,Yes,449,24263,K562
PTDSS1,KIAA1432,PTDSS1+ctrl,0.8199987652552265,0.8837309,No,449,24263,K562
PTDSS1,RNF19A,PTDSS1+ctrl,0.3809426451129482,0.5617211,No,449,24263,K562
PTDSS1,ZNF341,PTDSS1+ctrl,0.7581366688042723,0.90560913,No,449,24263,K562
HYOU1,LTN1,HYOU1+ctrl,1.287622469216022e-05,0.6962986,Yes,432,24263,K562
HYOU1,POLR2J3,HYOU1+ctrl,0.0075929345001177,0.5029416,Yes,432,24263,K562
HYOU1,TOPBP1,HYOU1+ctrl,1.080205272568076e-07,0.5163802,Yes,432,24263,K562
HYOU1,RP11-445H22.3,HYOU1+ctrl,0.9812268603430724,-15.504115,No,432,24263,K562
HYOU1,OBSCN,HYOU1+ctrl,0.3860087108075082,0.98264027,No,432,24263,K562
HYOU1,PLA2G15,HYOU1+ctrl,0.6319353903412777,0.46736526,No,432,24263,K562
DDOST,TRPM4,DDOST+ctrl,0.0084755964032129,0.7758992,Yes,318,24263,K562
DDOST,PHF21A,DDOST+ctrl,0.0386524509200678,0.73142314,Yes,318,24263,K562
DDOST,TNFRSF10B,DDOST+ctrl,0.0185382558800582,-0.77961063,Yes,318,24263,K562
DDOST,C9orf64,DDOST+ctrl,0.798182870681956,0.34283113,No,318,24263,K562
DDOST,RP11-573D15.2,DDOST+ctrl,0.95041479677543,0.83779097,No,318,24263,K562
DDOST,ACRV1,DDOST+ctrl,0.997981805933,-12.506474,No,318,24263,K562
SLC35B1,ARHGAP6,SLC35B1+ctrl,4.487962140983792e-05,0.6290097,Yes,523,24263,K562
SLC35B1,TFPI,SLC35B1+ctrl,0.0014643022104766,0.81383085,Yes,523,24263,K562
SLC35B1,PPM1N,SLC35B1+ctrl,1.4206634427357137e-12,0.6715697,Yes,523,24263,K562
SLC35B1,ZXDA,SLC35B1+ctrl,0.960725140399474,-0.2325325,No,523,24263,K562
SLC35B1,ROBO1,SLC35B1+ctrl,0.9922676455631256,-14.036538,No,523,24263,K562
SLC35B1,SERPINF2,SLC35B1+ctrl,0.971148731125036,0.89676666,No,523,24263,K562
TMED10,TXNIP,TMED10+ctrl,4.662561302382588e-37,0.868541,Yes,534,24263,K562
TMED10,SEC23IP,TMED10+ctrl,0.0062521287149846,0.64919186,Yes,534,24263,K562
TMED10,PELO,TMED10+ctrl,9.050169894269113e-15,0.60360396,Yes,534,24263,K562
TMED10,RP11-242O24.5,TMED10+ctrl,0.9577579251410996,2.7871027,No,534,24263,K562
TMED10,IL2RB,TMED10+ctrl,0.9835879450627434,0.09656429,No,534,24263,K562
TMED10,DNMBP,TMED10+ctrl,0.8183728994080111,-0.6794243,No,534,24263,K562
CCND3,PIK3R3,CCND3+ctrl,0.0032280822003857,1.0026736,Yes,310,24263,K562
CCND3,NTRK1,CCND3+ctrl,0.0024429145710435,1.0262208,Yes,310,24263,K562
CCND3,SNHG7,CCND3+ctrl,5.1338927065648136e-14,-0.7564686,Yes,310,24263,K562
CCND3,RP11-15E18.1,CCND3+ctrl,0.9681209228862936,-16.079056,No,310,24263,K562
CCND3,CENPF,CCND3+ctrl,0.0226137324319449,0.14424834,No,310,24263,K562
CCND3,RP1-274L7.1,CCND3+ctrl,0.9940211377767048,-14.097942,No,310,24263,K562
UFM1,SPEN,UFM1+ctrl,1.1850794153998754e-18,0.72273445,Yes,591,24263,K562
UFM1,DSC2,UFM1+ctrl,0.0030624487770855,0.65339303,Yes,591,24263,K562
UFM1,LINC00938,UFM1+ctrl,3.684349314604516e-05,-0.5236933,Yes,591,24263,K562
UFM1,CDCA3,UFM1+ctrl,0.938900801087178,0.035155773,No,591,24263,K562
UFM1,FOXO6,UFM1+ctrl,0.9960137993463458,-0.1188612,No,591,24263,K562
UFM1,WDR72,UFM1+ctrl,0.8704438369845018,1.0547218,No,591,24263,K562
COPB1,RILPL2,COPB1+ctrl,0.0309728892340884,0.5299152,Yes,185,24263,K562
COPB1,PDRG1,COPB1+ctrl,3.8062823933350985e-14,-1.0882838,Yes,185,24263,K562
COPB1,SSBP2,COPB1+ctrl,0.0005832363363867,-0.72406054,Yes,185,24263,K562
COPB1,FGF11,COPB1+ctrl,0.9735771754389816,0.106971264,No,185,24263,K562
COPB1,ANKRD33,COPB1+ctrl,0.993825960458818,-14.425918,No,185,24263,K562
COPB1,CTD-2020K17.1,COPB1+ctrl,0.5600783719643181,1.9201031,No,185,24263,K562
CHERP,IL18R1,CHERP+ctrl,0.0022233281017465,1.5187292,Yes,404,24263,K562
CHERP,CD46,CHERP+ctrl,2.370976026450598e-16,0.67934597,Yes,404,24263,K562
CHERP,IFT27,CHERP+ctrl,0.0001547659108643,0.5079304,Yes,404,24263,K562
CHERP,RP11-666A20.4,CHERP+ctrl,0.9931876315936232,-13.82875,No,404,24263,K562
CHERP,LINC01031,CHERP+ctrl,0.9931876315936232,-14.305567,No,404,24263,K562
CHERP,PAK1IP1,CHERP+ctrl,5.588838452150124e-30,0.48482418,No,404,24263,K562
AARS,RASGRP2,AARS+ctrl,0.0114346092326941,0.7268609,Yes,360,24263,K562
AARS,IDS,AARS+ctrl,0.000401179844307,1.5278473,Yes,360,24263,K562
AARS,ZFHX3,AARS+ctrl,0.0214040380442967,1.7170162,Yes,360,24263,K562
AARS,RP11-360L9.8,AARS+ctrl,0.995709002251026,-13.445434,No,360,24263,K562
AARS,GCKR,AARS+ctrl,0.9935635421598528,-14.150882,No,360,24263,K562
AARS,MED13,AARS+ctrl,0.7510798987730561,0.23298693,No,360,24263,K562
SRPRB,NOSTRIN,SRPRB+ctrl,0.0473650439943262,0.50216746,Yes,596,24263,K562
SRPRB,GRN,SRPRB+ctrl,4.2327186272823035e-13,-0.52267766,Yes,596,24263,K562
SRPRB,HIST1H1D,SRPRB+ctrl,1.4863507165919717e-17,1.0453169,Yes,596,24263,K562
SRPRB,ANKRD10,SRPRB+ctrl,0.0385379400467493,0.14709985,No,596,24263,K562
SRPRB,USP34,SRPRB+ctrl,0.0020118713310596,0.37706435,No,596,24263,K562
SRPRB,RP11-181G12.2,SRPRB+ctrl,0.9519485745392892,-16.498974,No,596,24263,K562
FECH,GALNT7,FECH+ctrl,2.8993015253570014e-07,0.63642704,Yes,570,24263,K562
FECH,ATAD2B,FECH+ctrl,0.0023375604029696,0.63643646,Yes,570,24263,K562
FECH,RSAD2,FECH+ctrl,0.0469617320384684,0.7499926,Yes,570,24263,K562
FECH,AC005540.3,FECH+ctrl,0.9879032585028548,-14.347846,No,570,24263,K562
FECH,RP11-157D23.2,FECH+ctrl,0.9744658162474984,-15.842548,No,570,24263,K562
FECH,HERPUD1,FECH+ctrl,0.6780559185308106,-0.06098236,No,570,24263,K562
PPWD1,CTBS,PPWD1+ctrl,0.0161242776296387,0.7870164,Yes,190,24263,K562
PPWD1,CENPC,PPWD1+ctrl,0.0336331055492726,0.55638134,Yes,190,24263,K562
PPWD1,NAV1,PPWD1+ctrl,0.0479870226183222,0.8826966,Yes,190,24263,K562
PPWD1,RP11-95O2.5,PPWD1+ctrl,0.9984359162505918,-12.205359,No,190,24263,K562
PPWD1,PPP1R16B,PPWD1+ctrl,0.7627557759041339,0.3734393,No,190,24263,K562
PPWD1,SMCO1,PPWD1+ctrl,0.840108214395197,3.3027306,No,190,24263,K562
DHDDS,BIRC5,DHDDS+ctrl,6.406973967320731e-19,-0.5463114,Yes,399,24263,K562
DHDDS,HM13,DHDDS+ctrl,3.727469363658092e-19,0.5820242,Yes,399,24263,K562
DHDDS,ATF7IP2,DHDDS+ctrl,2.7174427832233907e-31,0.56550634,Yes,399,24263,K562
DHDDS,RP11-304M2.5,DHDDS+ctrl,0.9449351749007368,3.2977962,No,399,24263,K562
DHDDS,CLDN11,DHDDS+ctrl,0.9132788789565578,-17.554115,No,399,24263,K562
DHDDS,CTC-550B14.7,DHDDS+ctrl,0.9755478809469416,0.3875389,No,399,24263,K562
COPZ1,WDR3,COPZ1+ctrl,0.0035971111400369,0.54970205,Yes,220,24263,K562
COPZ1,PHLDA2,COPZ1+ctrl,2.538307505800137e-07,0.7959419,Yes,220,24263,K562
COPZ1,VIMP,COPZ1+ctrl,3.9981474241551655e-10,-0.53212506,Yes,220,24263,K562
COPZ1,LINC00862,COPZ1+ctrl,0.989908208696652,-15.265515,No,220,24263,K562
COPZ1,STARD9,COPZ1+ctrl,0.9550987662865288,0.43240643,No,220,24263,K562
COPZ1,P4HB,COPZ1+ctrl,0.9258044607968704,0.0044346154,No,220,24263,K562
EIF2B3,KCNQ1OT1,EIF2B3+ctrl,0.0079991743828928,0.7756511,Yes,346,24263,K562
EIF2B3,BOLA3,EIF2B3+ctrl,2.6446471480778945e-58,-0.6739351,Yes,346,24263,K562
EIF2B3,S100A11,EIF2B3+ctrl,6.670071613680032e-97,0.6466433,Yes,346,24263,K562
EIF2B3,KIAA1586,EIF2B3+ctrl,0.1488439824759892,0.12168288,No,346,24263,K562
EIF2B3,LINC01137,EIF2B3+ctrl,0.9441262107865032,2.5235138,No,346,24263,K562
EIF2B3,H1FX,EIF2B3+ctrl,0.0085895570408749,-0.1808418,No,346,24263,K562
SEC61G,QSER1,SEC61G+ctrl,0.0028995237052998,0.5688157,Yes,530,24263,K562
SEC61G,ANKRD11,SEC61G+ctrl,2.3129466234463105e-15,0.52550894,Yes,530,24263,K562
SEC61G,LTB,SEC61G+ctrl,0.0375475414903813,0.878983,Yes,530,24263,K562
SEC61G,TAP1,SEC61G+ctrl,0.9791450440547592,0.47063828,No,530,24263,K562
SEC61G,RP11-322J23.1,SEC61G+ctrl,0.9948114022084164,-13.815352,No,530,24263,K562
SEC61G,MTPN,SEC61G+ctrl,1.7681565509671431e-10,0.28498596,No,530,24263,K562
DNAJC19,PAXBP1,DNAJC19+ctrl,1.0191508571947613e-05,0.5538869,Yes,446,24263,K562
DNAJC19,LST1,DNAJC19+ctrl,6.378617881826522e-22,1.9242858,Yes,446,24263,K562
DNAJC19,TLK2,DNAJC19+ctrl,0.0044190334632099,0.64387393,Yes,446,24263,K562
DNAJC19,HIST1H2BC,DNAJC19+ctrl,0.0010424332570069,-0.26266766,No,446,24263,K562
DNAJC19,PDE3B,DNAJC19+ctrl,0.9495946775311198,0.4374566,No,446,24263,K562
DNAJC19,ANPEP,DNAJC19+ctrl,0.6801777200215777,1.8096409,No,446,24263,K562
XRN1,EIF3A,XRN1+ctrl,1.6211778324735987e-69,0.51686037,Yes,621,24263,K562
XRN1,MBNL1,XRN1+ctrl,2.125581989081467e-13,0.56437075,Yes,621,24263,K562
XRN1,NFE2L3,XRN1+ctrl,9.451543925450149e-08,1.0116982,Yes,621,24263,K562
XRN1,RP11-390B4.5,XRN1+ctrl,0.9783904934242448,-0.105185986,No,621,24263,K562
XRN1,EPS15,XRN1+ctrl,0.0001288355723638,0.33193946,No,621,24263,K562
XRN1,STK17B,XRN1+ctrl,0.943678325591035,0.043222427,No,621,24263,K562
CARS,NAV2,CARS+ctrl,0.0237086393255226,3.2427814,Yes,429,24263,K562
CARS,S100A10,CARS+ctrl,3.912935694826797e-17,-0.7139498,Yes,429,24263,K562
CARS,WARS,CARS+ctrl,1.2697499898087482e-77,1.0699662,Yes,429,24263,K562
CARS,KIAA1731,CARS+ctrl,0.4850355601016506,0.20562029,No,429,24263,K562
CARS,CHD3,CARS+ctrl,0.1949567795928243,0.5397805,No,429,24263,K562
CARS,CMTM6,CARS+ctrl,0.0001355456388038,0.07109159,No,429,24263,K562
TMED2,YTHDF2,TMED2+ctrl,5.030420716744826e-41,0.54140645,Yes,450,24263,K562
TMED2,ATXN7L3B,TMED2+ctrl,2.2436535364899656e-15,0.6198163,Yes,450,24263,K562
TMED2,RGS20,TMED2+ctrl,0.0018426605293112,0.50367093,Yes,450,24263,K562
TMED2,PLB1,TMED2+ctrl,0.9856344930739496,-14.852318,No,450,24263,K562
TMED2,EIF4B,TMED2+ctrl,0.0009140195665316,0.10900428,No,450,24263,K562
TMED2,TMEM60,TMED2+ctrl,0.6861592883923442,-0.011766672,No,450,24263,K562
P4HB,UHMK1,P4HB+ctrl,2.595045940465276e-06,0.514061,Yes,471,24263,K562
P4HB,ZCCHC11,P4HB+ctrl,1.004058331837334e-11,0.51266277,Yes,471,24263,K562
P4HB,QSER1,P4HB+ctrl,1.947321958559343e-11,0.9028894,Yes,471,24263,K562
P4HB,THBS1,P4HB+ctrl,0.1878275148172846,1.303762,No,471,24263,K562
P4HB,RP11-430H10.1,P4HB+ctrl,0.9486155526569834,-16.682663,No,471,24263,K562
P4HB,CELF6,P4HB+ctrl,0.9669537275830772,-16.012787,No,471,24263,K562
SPCS3,LAMP2,SPCS3+ctrl,0.0026540404129027,0.58809114,Yes,536,24263,K562
SPCS3,CFH,SPCS3+ctrl,0.0491295386062425,1.1773028,Yes,536,24263,K562
SPCS3,PCF11,SPCS3+ctrl,1.2927367734991206e-08,0.7653457,Yes,536,24263,K562
SPCS3,ERP29,SPCS3+ctrl,5.627424933856338e-58,0.19188416,No,536,24263,K562
SPCS3,GPR146,SPCS3+ctrl,0.092377633122702,0.96154857,No,536,24263,K562
SPCS3,TGOLN2,SPCS3+ctrl,4.3725082145085483e-08,0.48017263,No,536,24263,K562
SPCS2,PIK3R1,SPCS2+ctrl,0.0133593394836022,0.76799774,Yes,497,24263,K562
SPCS2,GATA2,SPCS2+ctrl,5.44754058733929e-09,-0.52133,Yes,497,24263,K562
SPCS2,CDT1,SPCS2+ctrl,7.030031707035413e-15,-0.5737259,Yes,497,24263,K562
SPCS2,CTC-308K20.1,SPCS2+ctrl,0.8500580481101734,-18.113209,No,497,24263,K562
SPCS2,RAD51AP1,SPCS2+ctrl,0.3934813083039998,0.13244331,No,497,24263,K562
SPCS2,ROCK1,SPCS2+ctrl,9.741749407605457e-07,0.4118954,No,497,24263,K562
