source_a,source_b,target,condition,significance,log2fc,level,n_cells_condition,n_cells_control,cell_line
KLF1,MAP2K6,ANXA5,KLF1+MAP2K6,1.7240536195335043e-09,0.52459913,Yes,222,7353,K562
KLF1,MAP2K6,IL2RG,KLF1+MAP2K6,4.4835400417014666e-14,2.945847,Yes,222,7353,K562
KLF1,MAP2K6,SLC40A1,KLF1+MAP2K6,0.0049020739050122,-0.75847673,Yes,222,7353,K562
KLF1,MAP2K6,IRX6,KLF1+MAP2K6,1.0,0.0,No,222,7353,K562
KLF1,MAP2K6,RP11-394O2.3,KLF1+MAP2K6,0.9972411756868343,-12.497525,No,222,7353,K562
KLF1,MAP2K6,ASB9,KLF1+MAP2K6,0.9972411756868343,-13.091093,No,222,7353,K562
CEBPE,RUNX1T1,RP11-1143G9.4,CEBPE+RUNX1T1,0.0295463556909068,1.4392958,Yes,1030,7353,K562
CEBPE,RUNX1T1,RP11-717F1.1,CEBPE+RUNX1T1,3.78880427329712e-131,-0.87441343,Yes,1030,7353,K562
CEBPE,RUNX1T1,MARC2,CEBPE+RUNX1T1,2.8884262518888785e-05,1.5887632,Yes,1030,7353,K562
CEBPE,RUNX1T1,FSTL1,CEBPE+RUNX1T1,0.9830546717330652,-14.367752,No,1030,7353,K562
CEBPE,RUNX1T1,RP11-69I8.2,CEBPE+RUNX1T1,0.9943511797503042,-13.747105,No,1030,7353,K562
CEBPE,RUNX1T1,COL1A1,CEBPE+RUNX1T1,0.7897564828514765,1.0952668,No,1030,7353,K562
CBL,PTPN9,FAM19A2,CBL+PTPN9,2.5867420114632523e-05,-2.3606613,Yes,234,7353,K562
CBL,PTPN9,LYZ,CBL+PTPN9,0.0388284847763064,-0.7393191,Yes,234,7353,K562
CBL,PTPN9,S100A11,CBL+PTPN9,1.92639233397972e-18,-0.57160443,Yes,234,7353,K562
CBL,PTPN9,CD160,CBL+PTPN9,0.9745327869951556,-16.287935,No,234,7353,K562
CBL,PTPN9,RP5-940J5.8,CBL+PTPN9,0.9886796958969724,-15.199488,No,234,7353,K562
CBL,PTPN9,CACNA1S,CBL+PTPN9,1.0,0.0,No,234,7353,K562
ETS2,TGFBR2,PYROXD2,TGFBR2+ETS2,3.723362481785178e-12,1.1797799,Yes,275,7353,K562
ETS2,TGFBR2,AC079466.1,TGFBR2+ETS2,2.8436614459284472e-33,-1.0792203,Yes,275,7353,K562
ETS2,TGFBR2,AC020571.3,TGFBR2+ETS2,0.0248299862504575,0.95630765,Yes,275,7353,K562
ETS2,TGFBR2,BPGM,TGFBR2+ETS2,0.4846424694294301,-0.20791745,No,275,7353,K562
ETS2,TGFBR2,PGA5,TGFBR2+ETS2,0.8086127212825508,-0.987658,No,275,7353,K562
ETS2,TGFBR2,PSMA4,TGFBR2+ETS2,0.0398350679174099,-0.080999434,No,275,7353,K562
SGK1,TBX3,TEX30,SGK1+TBX3,2.6540887781786403e-39,-0.8495434,Yes,243,7353,K562
SGK1,TBX3,NPW,SGK1+TBX3,4.034437862876797e-08,-0.92571723,Yes,243,7353,K562
SGK1,TBX3,CDK1,SGK1+TBX3,6.021248528708817e-06,-0.59397566,Yes,243,7353,K562
SGK1,TBX3,SOX6,SGK1+TBX3,0.9466032976820572,0.9385524,No,243,7353,K562
SGK1,TBX3,ASB4,SGK1+TBX3,0.9971176312883095,-13.623043,No,243,7353,K562
SGK1,TBX3,RP1-111D6.3,SGK1+TBX3,1.0,0.0,No,243,7353,K562
MAP2K6,SPI1,GDF15,MAP2K6+SPI1,0.0001951588521593,-0.7991166,Yes,242,7353,K562
MAP2K6,SPI1,NHLRC3,MAP2K6+SPI1,0.002988777632944,-0.5439509,Yes,242,7353,K562
MAP2K6,SPI1,TRPM4,MAP2K6+SPI1,1.0235034057630533e-15,1.7225492,Yes,242,7353,K562
MAP2K6,SPI1,FOXN1,MAP2K6+SPI1,1.0,0.0,No,242,7353,K562
MAP2K6,SPI1,KMT2A,MAP2K6+SPI1,0.6973188469817786,-0.0356735,No,242,7353,K562
MAP2K6,SPI1,SOX21,MAP2K6+SPI1,1.0,0.0,No,242,7353,K562
PTPN12,UBASH3B,SLC7A8,UBASH3B+PTPN12,0.000287258651711,0.9799609,Yes,260,7353,K562
PTPN12,UBASH3B,HIPK2,UBASH3B+PTPN12,4.181662736629354e-07,0.7317318,Yes,260,7353,K562
PTPN12,UBASH3B,CTSL,UBASH3B+PTPN12,2.3221347486486206e-16,-0.839304,Yes,260,7353,K562
PTPN12,UBASH3B,LINC01139,UBASH3B+PTPN12,1.0,0.0,No,260,7353,K562
PTPN12,UBASH3B,RNASEL,UBASH3B+PTPN12,0.9917300150945172,0.19576454,No,260,7353,K562
PTPN12,UBASH3B,CELF4,UBASH3B+PTPN12,0.9910656940111136,-14.48756,No,260,7353,K562
FOXA1,FOXA3,PRSS57,FOXA3+FOXA1,4.260313793993652e-35,-1.7537638,Yes,181,7353,K562
FOXA1,FOXA3,SOCS1,FOXA3+FOXA1,0.0043075286137229,0.8919804,Yes,181,7353,K562
FOXA1,FOXA3,ICAM4,FOXA3+FOXA1,0.0170386917338542,0.67464304,Yes,181,7353,K562
FOXA1,FOXA3,CTA-31J9.2,FOXA3+FOXA1,1.0,0.0,No,181,7353,K562
FOXA1,FOXA3,PTGS1,FOXA3+FOXA1,0.5830566692554634,1.6934428,No,181,7353,K562
FOXA1,FOXA3,THUMPD3-AS1,FOXA3+FOXA1,0.0049593852836165,0.15889321,No,181,7353,K562
ETS2,IGDCC3,TUBB2B,ETS2+IGDCC3,0.0004608124240761,-1.4420741,Yes,365,7353,K562
ETS2,IGDCC3,PNRC1,ETS2+IGDCC3,0.0242540344542763,0.5812774,Yes,365,7353,K562
ETS2,IGDCC3,FAM19A2,ETS2+IGDCC3,0.0001328813912774,-1.3209913,Yes,365,7353,K562
ETS2,IGDCC3,CXCL10,ETS2+IGDCC3,1.0,0.0,No,365,7353,K562
ETS2,IGDCC3,CCDC190,ETS2+IGDCC3,0.992990956948271,-14.5957365,No,365,7353,K562
ETS2,IGDCC3,AC016907.3,ETS2+IGDCC3,0.975471898396797,-15.726313,No,365,7353,K562
IKZF3,MAP2K6,NEAT1,MAP2K6+IKZF3,1.390879321165638e-50,0.6276115,Yes,251,7353,K562
IKZF3,MAP2K6,PHGDH,MAP2K6+IKZF3,0.0171796699484641,-1.1196301,Yes,251,7353,K562
IKZF3,MAP2K6,AVP,MAP2K6+IKZF3,0.0003695795524887,1.0903881,Yes,251,7353,K562
IKZF3,MAP2K6,TMEM35,MAP2K6+IKZF3,1.0,0.0,No,251,7353,K562
IKZF3,MAP2K6,RP11-160O5.1,MAP2K6+IKZF3,0.8875632519573241,-0.954226,No,251,7353,K562
IKZF3,MAP2K6,GPR85,MAP2K6+IKZF3,0.537205764706033,-0.1755364,No,251,7353,K562
MAP2K3,SLC38A2,MTHFR,MAP2K3+SLC38A2,0.0335040968647685,-0.88498116,Yes,297,7353,K562
MAP2K3,SLC38A2,SMIM1,MAP2K3+SLC38A2,0.0177239028021948,-0.64944816,Yes,297,7353,K562
MAP2K3,SLC38A2,AC006262.5,MAP2K3+SLC38A2,2.1585541227901632e-09,-2.0423663,Yes,297,7353,K562
MAP2K3,SLC38A2,LINC00545,MAP2K3+SLC38A2,1.0,0.0,No,297,7353,K562
MAP2K3,SLC38A2,APOC4-APOC2,MAP2K3+SLC38A2,1.0,0.0,No,297,7353,K562
MAP2K3,SLC38A2,RP11-56B16.5,MAP2K3+SLC38A2,1.0,0.0,No,297,7353,K562
FOXA1,KLF1,PPP1R15A,KLF1+FOXA1,0.0003004868481643,-0.55891037,Yes,323,7353,K562
FOXA1,KLF1,YPEL5,KLF1+FOXA1,0.0046246942209345,0.9209869,Yes,323,7353,K562
FOXA1,KLF1,ID1,KLF1+FOXA1,3.3209135747874944e-23,1.4778333,Yes,323,7353,K562
FOXA1,KLF1,FAM9C,KLF1+FOXA1,0.996694229847,-12.786134,No,323,7353,K562
FOXA1,KLF1,LGALS2,KLF1+FOXA1,0.9570456348166856,-16.625717,No,323,7353,K562
FOXA1,KLF1,BLNK,KLF1+FOXA1,1.0,0.0,No,323,7353,K562
TBX2,TBX3,CPXM1,TBX3+TBX2,2.250842701076304e-24,2.622995,Yes,969,7353,K562
TBX2,TBX3,RP11-717F1.1,TBX3+TBX2,3.5731401181601494e-112,0.51058805,Yes,969,7353,K562
TBX2,TBX3,SMIM3,TBX3+TBX2,0.0136041437756131,1.6462264,Yes,969,7353,K562
TBX2,TBX3,AC006449.2,TBX3+TBX2,0.9945009596187616,-14.242531,No,969,7353,K562
TBX2,TBX3,SIGLEC5,TBX3+TBX2,1.0,0.0,No,969,7353,K562
TBX2,TBX3,KCNE4,TBX3+TBX2,0.9945009596187616,-14.215381,No,969,7353,K562
DUSP9,MAPK1,PIM1,DUSP9+MAPK1,4.273393696628879e-05,0.513621,Yes,247,7353,K562
DUSP9,MAPK1,NR2F2,DUSP9+MAPK1,1.4172334290180151e-06,0.5110282,Yes,247,7353,K562
DUSP9,MAPK1,LINC00467,DUSP9+MAPK1,8.032741916015172e-05,0.54971135,Yes,247,7353,K562
DUSP9,MAPK1,RP3-467K16.2,DUSP9+MAPK1,0.9912844633378785,-14.567251,No,247,7353,K562
DUSP9,MAPK1,PPP1R14D,DUSP9+MAPK1,0.9970947697562316,-14.048068,No,247,7353,K562
DUSP9,MAPK1,HSPA5,DUSP9+MAPK1,0.7426660771182233,0.004662037,No,247,7353,K562
CEBPE,KLF1,CD9,CEBPE+KLF1,0.0017628598793616,0.79470253,Yes,389,7353,K562
CEBPE,KLF1,CD53,CEBPE+KLF1,1.7301056246402283e-08,0.56875384,Yes,389,7353,K562
CEBPE,KLF1,LGALS1,CEBPE+KLF1,2.547346346428669e-20,0.6179072,Yes,389,7353,K562
CEBPE,KLF1,IRGC,CEBPE+KLF1,1.0,0.0,No,389,7353,K562
CEBPE,KLF1,MAP1A,CEBPE+KLF1,0.964677478051914,0.045769453,No,389,7353,K562
CEBPE,KLF1,PAQR7,CEBPE+KLF1,0.8758745940437828,0.21964598,No,389,7353,K562
OSR2,UBASH3B,SPARC,UBASH3B+OSR2,0.0098422800437596,0.5056472,Yes,677,7353,K562
OSR2,UBASH3B,PLEKHA2,UBASH3B+OSR2,0.0132014324764787,0.81519246,Yes,677,7353,K562
OSR2,UBASH3B,AC079466.1,UBASH3B+OSR2,1.2834736814582706e-25,-0.50940216,Yes,677,7353,K562
OSR2,UBASH3B,CORO6,UBASH3B+OSR2,0.9480533326265432,-0.4153328,No,677,7353,K562
OSR2,UBASH3B,AC010761.6,UBASH3B+OSR2,1.0,0.0,No,677,7353,K562
OSR2,UBASH3B,HIST2H2AC,UBASH3B+OSR2,0.0284930839162591,-0.23513854,No,677,7353,K562
UBASH3B,ZBTB25,NPW,UBASH3B+ZBTB25,3.8128427546675344e-06,-0.7791146,Yes,224,7353,K562
UBASH3B,ZBTB25,LCP2,UBASH3B+ZBTB25,0.031519951846175,-2.310031,Yes,224,7353,K562
UBASH3B,ZBTB25,AIF1,UBASH3B+ZBTB25,4.740486796103041e-12,-1.0740069,Yes,224,7353,K562
UBASH3B,ZBTB25,RP11-433M22.2,UBASH3B+ZBTB25,0.9667592608619516,-16.361166,No,224,7353,K562
UBASH3B,ZBTB25,RP11-553A10.1,UBASH3B+ZBTB25,0.9944583177757929,-13.952119,No,224,7353,K562
UBASH3B,ZBTB25,CRISP3,UBASH3B+ZBTB25,1.0,0.0,No,224,7353,K562
DUSP9,ETS2,CYP3A5,DUSP9+ETS2,0.0008134563337389,1.0538359,Yes,698,7353,K562
DUSP9,ETS2,SLC7A8,DUSP9+ETS2,2.2287559490733293e-34,1.5772113,Yes,698,7353,K562
DUSP9,ETS2,LST1,DUSP9+ETS2,0.0030544700002449,-0.8807571,Yes,698,7353,K562
DUSP9,ETS2,HIST1H2BG,DUSP9+ETS2,0.0936705691576477,-0.19077182,No,698,7353,K562
DUSP9,ETS2,RP11-7F17.5,DUSP9+ETS2,0.9952549403744806,-12.366104,No,698,7353,K562
DUSP9,ETS2,RP4-761J14.10,DUSP9+ETS2,0.9978653929401846,0.97094727,No,698,7353,K562
FOXL2,ZNF318,SH3BGRL,ZNF318+FOXL2,3.102005263146531e-08,0.70577383,Yes,197,7353,K562
FOXL2,ZNF318,PRSS57,ZNF318+FOXL2,6.669544113067449e-30,-1.4162322,Yes,197,7353,K562
FOXL2,ZNF318,CENPF,ZNF318+FOXL2,3.591742821754084e-11,-0.5338665,Yes,197,7353,K562
FOXL2,ZNF318,LGALS2,ZNF318+FOXL2,0.9661691863012692,-16.625717,No,197,7353,K562
FOXL2,ZNF318,RP11-96K19.2,ZNF318+FOXL2,0.9869848245510426,-15.214068,No,197,7353,K562
FOXL2,ZNF318,FAM101B,ZNF318+FOXL2,0.071780857076989,-0.74957657,No,197,7353,K562
CEBPE,SET,CEBPE,SET+CEBPE,1.208750711816435e-230,6.3076386,Yes,529,7353,K562
CEBPE,SET,ID1,SET+CEBPE,1.4421133107298613e-19,1.1700654,Yes,529,7353,K562
CEBPE,SET,CSF3R,SET+CEBPE,7.329877896922585e-05,1.4086592,Yes,529,7353,K562
CEBPE,SET,RP11-123O10.4,SET+CEBPE,1.0,0.0,No,529,7353,K562
CEBPE,SET,C10orf11,SET+CEBPE,0.0515406945520705,-0.1619873,No,529,7353,K562
CEBPE,SET,RP11-649G15.2,SET+CEBPE,0.9833014499548232,-14.732593,No,529,7353,K562
PTPN9,UBASH3B,PPP1R3E,UBASH3B+PTPN9,0.0494335658811392,0.86654663,Yes,282,7353,K562
PTPN9,UBASH3B,MEF2C,UBASH3B+PTPN9,2.391034980175645e-13,-0.5447335,Yes,282,7353,K562
PTPN9,UBASH3B,PDE4DIP,UBASH3B+PTPN9,3.236808520795219e-35,-0.8471289,Yes,282,7353,K562
PTPN9,UBASH3B,CTD-2501B8.1,UBASH3B+PTPN9,1.0,0.0,No,282,7353,K562
PTPN9,UBASH3B,RP11-481J13.1,UBASH3B+PTPN9,1.0,0.0,No,282,7353,K562
PTPN9,UBASH3B,FGD4,UBASH3B+PTPN9,0.7411622554921455,0.8978534,No,282,7353,K562
IGDCC3,ZBTB25,CPEB4,IGDCC3+ZBTB25,1.0889150499939226e-08,1.559968,Yes,99,7353,K562
IGDCC3,ZBTB25,HMMR,IGDCC3+ZBTB25,0.0102563915001284,-0.6988536,Yes,99,7353,K562
IGDCC3,ZBTB25,YPEL3,IGDCC3+ZBTB25,0.0001998138498134,1.2583516,Yes,99,7353,K562
IGDCC3,ZBTB25,FAM43A,IGDCC3+ZBTB25,0.7004032891637434,-0.30642748,No,99,7353,K562
IGDCC3,ZBTB25,RP11-431J24.2,IGDCC3+ZBTB25,1.0,0.0,No,99,7353,K562
IGDCC3,ZBTB25,CCL22,IGDCC3+ZBTB25,1.0,0.0,No,99,7353,K562
BAK1,KLF1,BAK1,KLF1+BAK1,1.3964489606150283e-77,2.1312034,Yes,323,7353,K562
BAK1,KLF1,PNMT,KLF1+BAK1,1.9651480436614046e-110,1.9773486,Yes,323,7353,K562
BAK1,KLF1,BST2,KLF1+BAK1,0.0001492242734742,0.8879247,Yes,323,7353,K562
BAK1,KLF1,GLRB,KLF1+BAK1,1.0,0.0,No,323,7353,K562
BAK1,KLF1,MSN,KLF1+BAK1,0.8700981907909088,0.010860443,No,323,7353,K562
BAK1,KLF1,CCNG2,KLF1+BAK1,0.536997614540716,-1.7958455,No,323,7353,K562
IER5L,LYL1,CRYAB,LYL1+IER5L,2.1900118186110296e-05,-0.9116361,Yes,547,7353,K562
IER5L,LYL1,ZNF83,LYL1+IER5L,0.0360077745809028,0.65614915,Yes,547,7353,K562
IER5L,LYL1,SDC2,LYL1+IER5L,0.0426932223660134,-1.4380841,Yes,547,7353,K562
IER5L,LYL1,CFAP58-AS1,LYL1+IER5L,0.983039122485302,-14.838556,No,547,7353,K562
IER5L,LYL1,FAM156A,LYL1+IER5L,0.983039122485302,-15.108133,No,547,7353,K562
IER5L,LYL1,TM4SF5,LYL1+IER5L,1.0,0.0,No,547,7353,K562
IGDCC3,MAPK1,ARHGEF6,IGDCC3+MAPK1,2.293212614023306e-06,1.6118686,Yes,293,7353,K562
IGDCC3,MAPK1,COL2A1,IGDCC3+MAPK1,1.3042217971875456e-07,-0.7455307,Yes,293,7353,K562
IGDCC3,MAPK1,BST2,IGDCC3+MAPK1,1.745192754979942e-40,2.4253607,Yes,293,7353,K562
IGDCC3,MAPK1,RP11-256L6.2,IGDCC3+MAPK1,1.0,0.0,No,293,7353,K562
IGDCC3,MAPK1,RPL3L,IGDCC3+MAPK1,0.9244009144652464,-18.461128,No,293,7353,K562
IGDCC3,MAPK1,SEPT7-AS1,IGDCC3+MAPK1,0.9743685173334012,0.7666025,No,293,7353,K562
CEBPA,JUN,SLC2A3,JUN+CEBPA,0.0004944962176677,-0.74629104,Yes,70,7353,K562
CEBPA,JUN,TLE4,JUN+CEBPA,0.025328973052854,1.8293024,Yes,70,7353,K562
CEBPA,JUN,ARHGEF6,JUN+CEBPA,8.13710096882334e-06,3.1223965,Yes,70,7353,K562
CEBPA,JUN,RGMA,JUN+CEBPA,0.9874809720038998,-16.456509,No,70,7353,K562
CEBPA,JUN,EGOT,JUN+CEBPA,1.0,0.0,No,70,7353,K562
CEBPA,JUN,APOD,JUN+CEBPA,0.9921754118540526,-15.496948,No,70,7353,K562
CEBPE,ZC3HAV1,HYAL3,ZC3HAV1+CEBPE,0.0124846994603291,0.56543446,Yes,346,7353,K562
CEBPE,ZC3HAV1,ZFP36L2,ZC3HAV1+CEBPE,1.0982002292383877e-06,0.683938,Yes,346,7353,K562
CEBPE,ZC3HAV1,MYO1F,ZC3HAV1+CEBPE,3.575934257770078e-06,1.6349843,Yes,346,7353,K562
CEBPE,ZC3HAV1,WSCD1,ZC3HAV1+CEBPE,1.0,0.0,No,346,7353,K562
CEBPE,ZC3HAV1,LINC01151,ZC3HAV1+CEBPE,1.0,0.0,No,346,7353,K562
CEBPE,ZC3HAV1,CYP27C1,ZC3HAV1+CEBPE,0.9795042142448808,-15.405699,No,346,7353,K562
UBASH3A,UBASH3B,PHGDH,UBASH3B+UBASH3A,0.0135240928507832,-0.8393228,Yes,426,7353,K562
UBASH3A,UBASH3B,ICAM4,UBASH3B+UBASH3A,0.0005820713901231,0.55505705,Yes,426,7353,K562
UBASH3A,UBASH3B,PLEKHO1,UBASH3B+UBASH3A,0.0004682246891248,-0.7499387,Yes,426,7353,K562
UBASH3A,UBASH3B,NIPSNAP3B,UBASH3B+UBASH3A,0.8444048167326641,0.3481598,No,426,7353,K562
UBASH3A,UBASH3B,TP53AIP1,UBASH3B+UBASH3A,1.0,0.0,No,426,7353,K562
UBASH3A,UBASH3B,COL18A1-AS1,UBASH3B+UBASH3A,0.9962287806817368,-12.059581,No,426,7353,K562
MAP2K3,MAP2K6,RNASET2,MAP2K3+MAP2K6,1.4095456354077216e-05,-0.5175048,Yes,458,7353,K562
MAP2K3,MAP2K6,BST2,MAP2K3+MAP2K6,0.0166966353116915,0.5214071,Yes,458,7353,K562
MAP2K3,MAP2K6,DCAF13,MAP2K3+MAP2K6,4.5248156085872447e-10,0.5086312,Yes,458,7353,K562
MAP2K3,MAP2K6,RP11-810P8.1,MAP2K3+MAP2K6,1.0,0.0,No,458,7353,K562
MAP2K3,MAP2K6,RP11-304M2.5,MAP2K3+MAP2K6,0.988293536912614,-14.416365,No,458,7353,K562
MAP2K3,MAP2K6,LINC00565,MAP2K3+MAP2K6,1.0,0.0,No,458,7353,K562
MAPK1,PRTG,KLHL24,MAPK1+PRTG,0.0196827266572582,0.9898417,Yes,380,7353,K562
MAPK1,PRTG,GAL,MAPK1+PRTG,1.024756119009398e-47,-0.7780579,Yes,380,7353,K562
MAPK1,PRTG,CH17-189H20.1,MAPK1+PRTG,1.3521262289166624e-06,1.0881147,Yes,380,7353,K562
MAPK1,PRTG,IL16,MAPK1+PRTG,0.8227240801917141,2.5934134,No,380,7353,K562
MAPK1,PRTG,RP11-521C20.5,MAPK1+PRTG,0.9964276280612266,-12.970998,No,380,7353,K562
MAPK1,PRTG,KCNK17,MAPK1+PRTG,0.8729511908164267,4.4918265,No,380,7353,K562
IKZF3,MAP2K3,CD99,MAP2K3+IKZF3,5.0908019211044865e-21,-0.667279,Yes,220,7353,K562
IKZF3,MAP2K3,PLEKHO1,MAP2K3+IKZF3,3.1837298376292238e-06,-2.1079543,Yes,220,7353,K562
IKZF3,MAP2K3,FNBP1,MAP2K3+IKZF3,0.003801345485412,-0.6298828,Yes,220,7353,K562
IKZF3,MAP2K3,RP11-18B16.2,MAP2K3+IKZF3,1.0,0.0,No,220,7353,K562
IKZF3,MAP2K3,RP11-326I11.3,MAP2K3+IKZF3,0.5321520203302756,1.0723019,No,220,7353,K562
IKZF3,MAP2K3,PNMA5,MAP2K3+IKZF3,0.9972532683104366,-13.198668,No,220,7353,K562
COL2A1,KLF1,PPIC,KLF1+COL2A1,2.568939776989233e-06,0.5344193,Yes,251,7353,K562
COL2A1,KLF1,CTSC,KLF1+COL2A1,5.81120125183177e-22,0.6382353,Yes,251,7353,K562
COL2A1,KLF1,YPEL5,KLF1+COL2A1,0.0018231048996234,0.8037162,Yes,251,7353,K562
COL2A1,KLF1,FAM167A,KLF1+COL2A1,1.0,0.0,No,251,7353,K562
COL2A1,KLF1,RP11-483I13.5,KLF1+COL2A1,0.4626978080320729,1.5027843,No,251,7353,K562
COL2A1,KLF1,HBE1,KLF1+COL2A1,0.5717076810390982,1.521358,No,251,7353,K562
OSR2,PTPN12,MPZL1,PTPN12+OSR2,5.6495771878915635e-118,1.5131371,Yes,283,7353,K562
OSR2,PTPN12,BHLHE40,PTPN12+OSR2,3.647736952061638e-07,1.1007309,Yes,283,7353,K562
OSR2,PTPN12,TTC9B,PTPN12+OSR2,0.0009057954285259,7.6608596,Yes,283,7353,K562
OSR2,PTPN12,APOL1,PTPN12+OSR2,0.9339273342975009,-0.06354761,No,283,7353,K562
OSR2,PTPN12,CTD-3154N5.1,PTPN12+OSR2,1.0,0.0,No,283,7353,K562
OSR2,PTPN12,RP11-136O12.2,PTPN12+OSR2,1.0,0.0,No,283,7353,K562
BAK1,TMSB4X,AC006262.5,TMSB4X+BAK1,1.84222136070051e-06,-1.3087413,Yes,267,7353,K562
BAK1,TMSB4X,TUBB2B,TMSB4X+BAK1,0.0243305717944775,-0.94634604,Yes,267,7353,K562
BAK1,TMSB4X,AC079466.1,TMSB4X+BAK1,6.185048076346624e-13,-0.5679982,Yes,267,7353,K562
BAK1,TMSB4X,RP11-327I22.5,TMSB4X+BAK1,1.0,0.0,No,267,7353,K562
BAK1,TMSB4X,SDF2L1,TMSB4X+BAK1,0.1076721884369436,-0.039636612,No,267,7353,K562
BAK1,TMSB4X,KRT33B,TMSB4X+BAK1,1.0,0.0,No,267,7353,K562
BPGM,SAMD1,TSC22D4,BPGM+SAMD1,3.2881677548141747e-06,0.7255726,Yes,240,7353,K562
BPGM,SAMD1,FMNL1,BPGM+SAMD1,0.0193193083300489,-0.70782495,Yes,240,7353,K562
BPGM,SAMD1,SMIM1,BPGM+SAMD1,0.0007663601869012,0.7993518,Yes,240,7353,K562
BPGM,SAMD1,FFAR4,BPGM+SAMD1,0.9971349131128712,-13.245756,No,240,7353,K562
BPGM,SAMD1,RP11-158D2.2,BPGM+SAMD1,1.0,0.0,No,240,7353,K562
BPGM,SAMD1,MAP1LC3B,BPGM+SAMD1,4.998786913407964e-05,-0.32998943,No,240,7353,K562
CEBPE,ETS2,DSC2,ETS2+CEBPE,0.0030634034048954,0.88252807,Yes,320,7353,K562
CEBPE,ETS2,IKZF2,ETS2+CEBPE,0.0061472929733792,2.525247,Yes,320,7353,K562
CEBPE,ETS2,ARHGAP30,ETS2+CEBPE,0.0011936066234244,5.7786703,Yes,320,7353,K562
CEBPE,ETS2,ADORA3,ETS2+CEBPE,0.940836261018928,2.7987442,No,320,7353,K562
CEBPE,ETS2,TMEM9B-AS1,ETS2+CEBPE,0.999835448252467,0.6075268,No,320,7353,K562
CEBPE,ETS2,RP11-596D21.1,ETS2+CEBPE,0.9635952814417134,-0.8231678,No,320,7353,K562
FOXL2,POU3F2,PNRC1,POU3F2+FOXL2,4.327824472737227e-05,1.3252633,Yes,286,7353,K562
FOXL2,POU3F2,FAM89A,POU3F2+FOXL2,1.715106990043399e-12,-0.691078,Yes,286,7353,K562
FOXL2,POU3F2,ACSM3,POU3F2+FOXL2,3.7082813590199886e-12,1.1858692,Yes,286,7353,K562
FOXL2,POU3F2,COL9A2,POU3F2+FOXL2,0.4624594070038432,1.3364985,No,286,7353,K562
FOXL2,POU3F2,STEAP3-AS1,POU3F2+FOXL2,0.9968818023663516,-13.131266,No,286,7353,K562
FOXL2,POU3F2,RP11-25G10.2,POU3F2+FOXL2,1.0,0.0,No,286,7353,K562
DUSP9,PRTG,OPTN,DUSP9+PRTG,0.041572226168231,3.1352696,Yes,238,7353,K562
DUSP9,PRTG,COLGALT2,DUSP9+PRTG,3.605947101563339e-05,-2.1458435,Yes,238,7353,K562
DUSP9,PRTG,RNF213,DUSP9+PRTG,0.0008850789847789,1.0683875,Yes,238,7353,K562
DUSP9,PRTG,PSMB2,DUSP9+PRTG,1.8296354151755584e-17,-0.27051806,No,238,7353,K562
DUSP9,PRTG,PRDX2,DUSP9+PRTG,0.3203414197437355,-0.03241849,No,238,7353,K562
DUSP9,PRTG,RP11-409I10.2,DUSP9+PRTG,0.997146500118218,-12.420417,No,238,7353,K562
IKZF3,MAPK1,PCNA,MAPK1+IKZF3,5.422273149258927e-11,-0.5856096,Yes,264,7353,K562
IKZF3,MAPK1,ZMAT3,MAPK1+IKZF3,0.027089706071176,0.5714457,Yes,264,7353,K562
IKZF3,MAPK1,FOXL2,MAPK1+IKZF3,0.0001178191756806,-0.74275994,Yes,264,7353,K562
IKZF3,MAPK1,CTSW,MAPK1+IKZF3,0.9255353314106474,3.3858004,No,264,7353,K562
IKZF3,MAPK1,RP1-138B7.6,MAPK1+IKZF3,1.0,0.0,No,264,7353,K562
IKZF3,MAPK1,RP4-548D19.3,MAPK1+IKZF3,0.9342520636060948,0.123095036,No,264,7353,K562
ELMSAN1,LHX1,IGFBP4,LHX1+ELMSAN1,0.0372597302779131,-1.1863122,Yes,547,7353,K562
ELMSAN1,LHX1,MYO1F,LHX1+ELMSAN1,0.0008886073451948,1.1649923,Yes,547,7353,K562
ELMSAN1,LHX1,MS4A4A,LHX1+ELMSAN1,3.389010375481181e-32,1.2512671,Yes,547,7353,K562
ELMSAN1,LHX1,STK38L,LHX1+ELMSAN1,0.4471697013103819,0.03643012,No,547,7353,K562
ELMSAN1,LHX1,RP11-968A15.2,LHX1+ELMSAN1,0.9745610787929592,-15.742343,No,547,7353,K562
ELMSAN1,LHX1,SNX20,LHX1+ELMSAN1,1.0,0.0,No,547,7353,K562
KIF18B,KIF2C,NPW,KIF18B+KIF2C,0.0056782045453864,-0.70737326,Yes,83,7353,K562
KIF18B,KIF2C,CREG1,KIF18B+KIF2C,2.0574146120836967e-05,0.79376185,Yes,83,7353,K562
KIF18B,KIF2C,CTSL,KIF18B+KIF2C,1.3771363507164711e-06,-0.80053234,Yes,83,7353,K562
KIF18B,KIF2C,NFASC,KIF18B+KIF2C,0.6339955165311333,3.1984696,No,83,7353,K562
KIF18B,KIF2C,RP11-83A24.2,KIF18B+KIF2C,0.5655249993385996,0.3684914,No,83,7353,K562
KIF18B,KIF2C,RP11-174G6.1,KIF18B+KIF2C,1.0,0.0,No,83,7353,K562
BCL2L11,TGFBR2,FMNL1,BCL2L11+TGFBR2,0.0330808819702024,-0.5598247,Yes,382,7353,K562
BCL2L11,TGFBR2,PRSS57,BCL2L11+TGFBR2,1.0830143719703315e-16,-0.5196718,Yes,382,7353,K562
BCL2L11,TGFBR2,ALAS2,BCL2L11+TGFBR2,1.3273017278567997e-21,1.4875498,Yes,382,7353,K562
BCL2L11,TGFBR2,ARL11,BCL2L11+TGFBR2,0.6337026298247925,0.17793703,No,382,7353,K562
BCL2L11,TGFBR2,DSCAM,BCL2L11+TGFBR2,1.0,0.0,No,382,7353,K562
BCL2L11,TGFBR2,CCL2,BCL2L11+TGFBR2,0.9570450563963364,-17.880562,No,382,7353,K562
AHR,KLF1,BCL3,AHR+KLF1,0.0075398511653519,1.8480449,Yes,412,7353,K562
AHR,KLF1,SH3BGRL3,AHR+KLF1,3.3088243560624305e-67,0.70052445,Yes,412,7353,K562
AHR,KLF1,GATA2,AHR+KLF1,1.3914511813311906e-07,0.5311419,Yes,412,7353,K562
AHR,KLF1,LINC01269,AHR+KLF1,1.0,0.0,No,412,7353,K562
AHR,KLF1,RP11-111A21.1,AHR+KLF1,0.9888640960789876,-14.285312,No,412,7353,K562
AHR,KLF1,ALOX5,AHR+KLF1,0.8426309607605782,-1.0159712,No,412,7353,K562
CEBPA,CEBPB,SDCBP,CEBPB+CEBPA,0.017053397069112,0.8442673,Yes,75,7353,K562
CEBPA,CEBPB,CITED2,CEBPB+CEBPA,0.0026199533595799,0.9327044,Yes,75,7353,K562
CEBPA,CEBPB,SLC2A6,CEBPB+CEBPA,0.0002601750666862,5.718912,Yes,75,7353,K562
CEBPA,CEBPB,MT-CO1,CEBPB+CEBPA,3.710054447885721e-09,0.058182478,No,75,7353,K562
CEBPA,CEBPB,INSRR,CEBPB+CEBPA,1.0,0.0,No,75,7353,K562
CEBPA,CEBPB,RP13-314C10.5,CEBPB+CEBPA,0.861122999982275,4.2197022,No,75,7353,K562
PTPN12,UBASH3A,HBZ,PTPN12+UBASH3A,1.2963591368077404e-126,1.3458383,Yes,255,7353,K562
PTPN12,UBASH3A,TNRC6B,PTPN12+UBASH3A,2.295060342265221e-07,0.5818297,Yes,255,7353,K562
PTPN12,UBASH3A,GMPPA,PTPN12+UBASH3A,3.4967073627197445e-12,-0.726255,Yes,255,7353,K562
PTPN12,UBASH3A,LOR,PTPN12+UBASH3A,0.9970496488115324,-13.108964,No,255,7353,K562
PTPN12,UBASH3A,SERPINB1,PTPN12+UBASH3A,0.326085645581753,0.15344012,No,255,7353,K562
PTPN12,UBASH3A,PAMR1,PTPN12+UBASH3A,1.0,0.0,No,255,7353,K562
FEV,MAP7D1,TSC22D3,FEV+MAP7D1,0.0005668788519697,2.139735,Yes,246,7353,K562
FEV,MAP7D1,PTPRS,FEV+MAP7D1,5.523672098634363e-05,-1.3353922,Yes,246,7353,K562
FEV,MAP7D1,ICAM4,FEV+MAP7D1,0.0099078943590929,0.7387624,Yes,246,7353,K562
FEV,MAP7D1,RNASEL,FEV+MAP7D1,0.9658995346434104,0.35577917,No,246,7353,K562
FEV,MAP7D1,AC017002.4,FEV+MAP7D1,1.0,0.0,No,246,7353,K562
FEV,MAP7D1,CTB-133G6.2,FEV+MAP7D1,0.9971004659885644,-12.899703,No,246,7353,K562
CNN1,ETS2,SMIM1,ETS2+CNN1,8.425146266419739e-08,0.7130225,Yes,785,7353,K562
CNN1,ETS2,PNMT,ETS2+CNN1,5.032072449823241e-12,-0.71557415,Yes,785,7353,K562
CNN1,ETS2,CH17-189H20.1,ETS2+CNN1,0.0168361865331865,0.5239656,Yes,785,7353,K562
CNN1,ETS2,PAK6,ETS2+CNN1,0.9681221282695314,2.0531244,No,785,7353,K562
CNN1,ETS2,PIK3IP1-AS1,ETS2+CNN1,0.9799814724458088,-15.182465,No,785,7353,K562
CNN1,ETS2,RP11-354E11.2,ETS2+CNN1,1.0,0.0,No,785,7353,K562
CNN1,MAPK1,LIMD2,CNN1+MAPK1,4.7072930320176034e-39,0.61860704,Yes,325,7353,K562
CNN1,MAPK1,CFD,CNN1+MAPK1,6.983603457085667e-14,-0.52552533,Yes,325,7353,K562
CNN1,MAPK1,IGFBP4,CNN1+MAPK1,0.0038550296986627,1.2558942,Yes,325,7353,K562
CNN1,MAPK1,TTC39A-AS1,CNN1+MAPK1,0.9449645019953522,1.7625561,No,325,7353,K562
CNN1,MAPK1,GRAP,CNN1+MAPK1,0.9867383443725324,-14.791784,No,325,7353,K562
CNN1,MAPK1,ARPC1B,CNN1+MAPK1,0.9127862662639604,-0.021175623,No,325,7353,K562
FOXL2,MEIS1,GYPE,FOXL2+MEIS1,4.1998846493005364e-08,0.69139844,Yes,177,7353,K562
FOXL2,MEIS1,FCGRT,FOXL2+MEIS1,0.000269593057425,0.7197039,Yes,177,7353,K562
FOXL2,MEIS1,AP001171.1,FOXL2+MEIS1,1.9620546441867504e-14,0.8087496,Yes,177,7353,K562
FOXL2,MEIS1,MYL4,FOXL2+MEIS1,0.6150746884013747,-0.08677636,No,177,7353,K562
FOXL2,MEIS1,CCND3,FOXL2+MEIS1,9.931620048859698e-06,0.32536882,No,177,7353,K562
FOXL2,MEIS1,PPP1R3B,FOXL2+MEIS1,0.6748149615690812,1.2396808,No,177,7353,K562
MAPK1,TGFBR2,SH3BGRL3,MAPK1+TGFBR2,3.8380135455413523e-81,0.76944834,Yes,389,7353,K562
MAPK1,TGFBR2,MT1F,MAPK1+TGFBR2,1.4666614260333197e-26,0.82445365,Yes,389,7353,K562
MAPK1,TGFBR2,CORO1A,MAPK1+TGFBR2,2.4841212495269788e-33,2.4818823,Yes,389,7353,K562
MAPK1,TGFBR2,HSD17B14,MAPK1+TGFBR2,0.7001573906813603,0.8112445,No,389,7353,K562
MAPK1,TGFBR2,MGP,MAPK1+TGFBR2,1.0,0.0,No,389,7353,K562
MAPK1,TGFBR2,LRRC74B,MAPK1+TGFBR2,0.978709224453458,0.009904861,No,389,7353,K562
CEBPE,FOSB,MEF2C,FOSB+CEBPE,7.193504188040945e-07,-0.57414234,Yes,142,7353,K562
CEBPE,FOSB,SPTAN1,FOSB+CEBPE,0.0162485775055515,1.240728,Yes,142,7353,K562
CEBPE,FOSB,HYAL3,FOSB+CEBPE,0.0475951309349077,1.0466542,Yes,142,7353,K562
CEBPE,FOSB,PCDHGA7,FOSB+CEBPE,0.9977818177298162,-13.13224,No,142,7353,K562
CEBPE,FOSB,C10orf90,FOSB+CEBPE,1.0,0.0,No,142,7353,K562
CEBPE,FOSB,HDC,FOSB+CEBPE,0.9645207381535807,-16.875248,No,142,7353,K562
PTPN12,PTPN9,CRYM,PTPN12+PTPN9,1.8487531789073458e-07,2.1795032,Yes,295,7353,K562
PTPN12,PTPN9,CTSL,PTPN12+PTPN9,5.776024094962448e-17,-0.78732276,Yes,295,7353,K562
PTPN12,PTPN9,SLC2A3,PTPN12+PTPN9,7.625013198930932e-09,-0.6734301,Yes,295,7353,K562
PTPN12,PTPN9,MFSD2A,PTPN12+PTPN9,1.0,0.0,No,295,7353,K562
PTPN12,PTPN9,KCNH1,PTPN12+PTPN9,1.0,0.0,No,295,7353,K562
PTPN12,PTPN9,RP11-442J17.3,PTPN12+PTPN9,1.0,0.0,No,295,7353,K562
CEBPB,FOSB,OS9,FOSB+CEBPB,0.0114881853954713,1.3533033,Yes,85,7353,K562
CEBPB,FOSB,APOE,FOSB+CEBPB,2.4510666569088747e-20,-0.92137516,Yes,85,7353,K562
CEBPB,FOSB,ALAS2,FOSB+CEBPB,0.0171424443923531,-1.5616546,Yes,85,7353,K562
CEBPB,FOSB,SLC6A7,FOSB+CEBPB,1.0,0.0,No,85,7353,K562
CEBPB,FOSB,IER5L,FOSB+CEBPB,0.6152657338176566,1.274015,No,85,7353,K562
CEBPB,FOSB,PTCHD1,FOSB+CEBPB,0.9896638288453188,-15.862258,No,85,7353,K562
KLF1,SET,KIAA1551,SET+KLF1,6.99338404120088e-08,-0.87166405,Yes,541,7353,K562
KLF1,SET,PHGDH,SET+KLF1,0.0207373860613107,0.5072284,Yes,541,7353,K562
KLF1,SET,TUBB2B,SET+KLF1,1.8568365956199144e-06,0.7629788,Yes,541,7353,K562
KLF1,SET,RP11-55K13.1,SET+KLF1,0.9841941066543244,0.035699844,No,541,7353,K562
KLF1,SET,CTB-114C7.4,SET+KLF1,1.0,0.0,No,541,7353,K562
KLF1,SET,SLC2A10,SET+KLF1,0.9469101797537044,4.6641464,No,541,7353,K562
PTPN12,SNAI1,MAP1B,PTPN12+SNAI1,0.0001528041217586,-0.65841115,Yes,244,7353,K562
PTPN12,SNAI1,S100A1,PTPN12+SNAI1,0.0013398756153515,1.0951838,Yes,244,7353,K562
PTPN12,SNAI1,AC006262.5,PTPN12+SNAI1,2.493755505614042e-11,1.1866775,Yes,244,7353,K562
PTPN12,SNAI1,OSMR-AS1,PTPN12+SNAI1,1.0,0.0,No,244,7353,K562
PTPN12,SNAI1,NOX1,PTPN12+SNAI1,1.0,0.0,No,244,7353,K562
PTPN12,SNAI1,GRIK1-AS1,PTPN12+SNAI1,0.9826727044027704,-15.694176,No,244,7353,K562
BAK1,BCL2L11,BCL2L11,BCL2L11+BAK1,2.552946742379349e-13,1.2834127,Yes,153,7353,K562
BAK1,BCL2L11,MT1E,BCL2L11+BAK1,0.0242717393951081,-0.65470815,Yes,153,7353,K562
BAK1,BCL2L11,PHACTR1,BCL2L11+BAK1,0.005908785456125,-0.7038605,Yes,153,7353,K562
BAK1,BCL2L11,CTD-2545M3.8,BCL2L11+BAK1,0.9815951458190506,-16.011967,No,153,7353,K562
BAK1,BCL2L11,BTK,BCL2L11+BAK1,0.9475702786276812,-0.055315495,No,153,7353,K562
BAK1,BCL2L11,KLHDC9,BCL2L11+BAK1,1.0,0.0,No,153,7353,K562
CNN1,UBASH3A,TXNIP,CNN1+UBASH3A,4.1319462420553773e-07,1.2499352,Yes,144,7353,K562
CNN1,UBASH3A,SLC38A2,CNN1+UBASH3A,0.0007389319876178,-0.6621332,Yes,144,7353,K562
CNN1,UBASH3A,HN1,CNN1+UBASH3A,3.022169448458328e-15,-0.73192406,Yes,144,7353,K562
CNN1,UBASH3A,THBS1,CNN1+UBASH3A,0.9394911978186437,0.98252773,No,144,7353,K562
CNN1,UBASH3A,RP13-977J11.2,CNN1+UBASH3A,0.9709715100684468,-16.702202,No,144,7353,K562
CNN1,UBASH3A,KISS1,CNN1+UBASH3A,0.9910663722803038,-15.481134,No,144,7353,K562
ELMSAN1,MAP2K6,TUBB2B,MAP2K6+ELMSAN1,0.0141301878827007,-0.82041216,Yes,365,7353,K562
ELMSAN1,MAP2K6,PKIG,MAP2K6+ELMSAN1,2.108280383696427e-06,-0.53003585,Yes,365,7353,K562
ELMSAN1,MAP2K6,ANXA3,MAP2K6+ELMSAN1,3.264292906638027e-05,0.8414743,Yes,365,7353,K562
ELMSAN1,MAP2K6,PRX,MAP2K6+ELMSAN1,0.6814688605482925,-1.2867279,No,365,7353,K562
ELMSAN1,MAP2K6,PSMB3,MAP2K6+ELMSAN1,4.995866350317716e-18,0.25748786,No,365,7353,K562
ELMSAN1,MAP2K6,RP11-118K6.3,MAP2K6+ELMSAN1,0.999529523963166,-0.25554276,No,365,7353,K562
CEBPA,KLF1,CD82,KLF1+CEBPA,0.0186697202138799,2.5142975,Yes,308,7353,K562
CEBPA,KLF1,NME1,KLF1+CEBPA,4.232538951731585e-74,-0.925779,Yes,308,7353,K562
CEBPA,KLF1,C1RL,KLF1+CEBPA,0.0147617682357433,2.067244,Yes,308,7353,K562
CEBPA,KLF1,HAMP,KLF1+CEBPA,0.9032999766854548,-17.90495,No,308,7353,K562
CEBPA,KLF1,RP11-357N13.3,KLF1+CEBPA,0.99676874298595,-13.03655,No,308,7353,K562
CEBPA,KLF1,BMX,KLF1+CEBPA,0.634508836512544,6.487284,No,308,7353,K562
IGDCC3,TGFBR2,TOR3A,TGFBR2+IGDCC3,1.3103623269266449e-08,0.6240649,Yes,262,7353,K562
IGDCC3,TGFBR2,LST1,TGFBR2+IGDCC3,0.0161751636265066,-1.3084791,Yes,262,7353,K562
IGDCC3,TGFBR2,LGALS3BP,TGFBR2+IGDCC3,0.0380902650702751,1.9647298,Yes,262,7353,K562
IGDCC3,TGFBR2,LIMS3,TGFBR2+IGDCC3,1.0,0.0,No,262,7353,K562
IGDCC3,TGFBR2,KCNN3,TGFBR2+IGDCC3,0.985054853021038,-15.610132,No,262,7353,K562
IGDCC3,TGFBR2,PIK3IP1,TGFBR2+IGDCC3,0.5127485520212265,1.7351217,No,262,7353,K562
SAMD1,ZBTB1,FOLR1,SAMD1+ZBTB1,0.0002340414015076,2.5865273,Yes,164,7353,K562
SAMD1,ZBTB1,ANXA2R,SAMD1+ZBTB1,0.0012482495080963,1.4519738,Yes,164,7353,K562
SAMD1,ZBTB1,ANKRD28,SAMD1+ZBTB1,0.007584846222462,-0.55282164,Yes,164,7353,K562
SAMD1,ZBTB1,PDLIM4,SAMD1+ZBTB1,0.4731632686004464,1.2084019,No,164,7353,K562
SAMD1,ZBTB1,THRIL,SAMD1+ZBTB1,0.9360461719653248,1.6078687,No,164,7353,K562
SAMD1,ZBTB1,SERPINB1,SAMD1+ZBTB1,0.0711920170069506,0.34772503,No,164,7353,K562
FOXA3,HOXB9,KPNA2,FOXA3+HOXB9,1.206365786583714e-09,-0.57509756,Yes,301,7353,K562
FOXA3,HOXB9,MAP1A,FOXA3+HOXB9,2.498147560977113e-09,0.87211245,Yes,301,7353,K562
FOXA3,HOXB9,MPZL1,FOXA3+HOXB9,1.2286332764754174e-12,-0.67788863,Yes,301,7353,K562
FOXA3,HOXB9,HMGA2,FOXA3+HOXB9,0.9968042124910952,-13.128121,No,301,7353,K562
FOXA3,HOXB9,LINC01338,FOXA3+HOXB9,0.9220556552915462,18.155617,No,301,7353,K562
FOXA3,HOXB9,AC005481.5,FOXA3+HOXB9,0.9968042124910952,-14.215381,No,301,7353,K562
IRF1,SET,MSRB2,IRF1+SET,2.089931805718299e-06,0.65199256,Yes,367,7353,K562
IRF1,SET,HLA-A,IRF1+SET,0.0347299088683464,1.6812828,Yes,367,7353,K562
IRF1,SET,CNTRL,IRF1+SET,0.0021719036423966,-0.6992855,Yes,367,7353,K562
IRF1,SET,RGPD8,IRF1+SET,0.9859459273589204,-15.135848,No,367,7353,K562
IRF1,SET,RP11-822E23.7,IRF1+SET,1.0,0.0,No,367,7353,K562
IRF1,SET,GLT8D2,IRF1+SET,0.9506960094522072,1.7428741,No,367,7353,K562
ELMSAN1,MAP2K3,USP20,MAP2K3+ELMSAN1,1.0602535194822265e-42,-1.0999238,Yes,484,7353,K562
ELMSAN1,MAP2K3,CD55,MAP2K3+ELMSAN1,1.2926866134330955e-09,0.68066835,Yes,484,7353,K562
ELMSAN1,MAP2K3,ITPR1,MAP2K3+ELMSAN1,0.0233776587644263,0.51895046,Yes,484,7353,K562
ELMSAN1,MAP2K3,ODC1,MAP2K3+ELMSAN1,3.021339714257987e-10,0.1474995,No,484,7353,K562
ELMSAN1,MAP2K3,ZNF318,MAP2K3+ELMSAN1,0.3636830620600378,-0.44342685,No,484,7353,K562
ELMSAN1,MAP2K3,HIST1H4E,MAP2K3+ELMSAN1,0.0592427277099355,0.4125862,No,484,7353,K562
CEBPA,CEBPE,C1orf132,CEBPE+CEBPA,0.0011840378556976,2.8292468,Yes,240,7353,K562
CEBPA,CEBPE,C1RL,CEBPE+CEBPA,0.0120737197332603,2.4009857,Yes,240,7353,K562
CEBPA,CEBPE,PYROXD2,CEBPE+CEBPA,0.0008810487226845,1.3812065,Yes,240,7353,K562
CEBPA,CEBPE,SEMA3E,CEBPE+CEBPA,0.9942698631687172,-13.842067,No,240,7353,K562
CEBPA,CEBPE,CTD-2336O2.3,CEBPE+CEBPA,0.9828107716013342,-15.329179,No,240,7353,K562
CEBPA,CEBPE,PVALB,CEBPE+CEBPA,0.9113652049875156,-18.140442,No,240,7353,K562
CEBPE,CNN1,FOLR1,CEBPE+CNN1,0.0349979731671903,1.5320137,Yes,194,7353,K562
CEBPE,CNN1,BHLHE40,CEBPE+CNN1,3.327151284468217e-11,1.6926824,Yes,194,7353,K562
CEBPE,CNN1,TRIM38,CEBPE+CNN1,0.0036409654025915,0.9678099,Yes,194,7353,K562
CEBPE,CNN1,PPP1R14C,CEBPE+CNN1,0.992248821316272,-14.557161,No,194,7353,K562
CEBPE,CNN1,KIAA1107,CEBPE+CNN1,0.9149506681619268,1.128684,No,194,7353,K562
CEBPE,CNN1,PRSS35,CEBPE+CNN1,1.0,0.0,No,194,7353,K562
HOXC13,ZC3HAV1,IGFBP2,ZC3HAV1+HOXC13,9.568930134412989e-34,-1.0446374,Yes,543,7353,K562
HOXC13,ZC3HAV1,SOX4,ZC3HAV1+HOXC13,1.2284319880685097e-12,-0.7836536,Yes,543,7353,K562
HOXC13,ZC3HAV1,FCGRT,ZC3HAV1+HOXC13,1.2693918910972322e-06,-0.54773855,Yes,543,7353,K562
HOXC13,ZC3HAV1,CHRNA2,ZC3HAV1+HOXC13,1.0,0.0,No,543,7353,K562
HOXC13,ZC3HAV1,RP11-524K22.1,ZC3HAV1+HOXC13,1.0,0.0,No,543,7353,K562
HOXC13,ZC3HAV1,ARRDC4,ZC3HAV1+HOXC13,0.860165757555569,-0.11428785,No,543,7353,K562
CBL,CNN1,RP11-620J15.3,CBL+CNN1,2.40917751526887e-21,-1.0294516,Yes,288,7353,K562
CBL,CNN1,MAP4K3,CBL+CNN1,0.0402614835899525,-0.8602576,Yes,288,7353,K562
CBL,CNN1,ZYX,CBL+CNN1,1.0021459091228815e-06,-1.352417,Yes,288,7353,K562
CBL,CNN1,ARHGAP4,CBL+CNN1,0.8606104984690925,1.5820055,No,288,7353,K562
CBL,CNN1,DSG1-AS1,CBL+CNN1,0.9781019904253788,-16.021511,No,288,7353,K562
CBL,CNN1,TUSC8,CBL+CNN1,0.9906141767535004,-14.311758,No,288,7353,K562
PTPN12,ZBTB10,MAPRE3,ZBTB10+PTPN12,0.0405308125022566,1.5563719,Yes,230,7353,K562
PTPN12,ZBTB10,FLNA,ZBTB10+PTPN12,3.792069809075286e-05,-1.5276542,Yes,230,7353,K562
PTPN12,ZBTB10,TEX30,ZBTB10+PTPN12,6.542546562772467e-25,-0.7543274,Yes,230,7353,K562
PTPN12,ZBTB10,LINC01137,ZBTB10+PTPN12,0.9775500265031046,-16.165222,No,230,7353,K562
PTPN12,ZBTB10,KCNK6,ZBTB10+PTPN12,0.7739809396171258,-1.3128867,No,230,7353,K562
PTPN12,ZBTB10,AC004221.2,ZBTB10+PTPN12,0.9887739021471762,-15.100259,No,230,7353,K562
CBL,UBASH3B,GDF15,CBL+UBASH3B,0.0022072436664132,-0.6521747,Yes,326,7353,K562
CBL,UBASH3B,CHI3L2,CBL+UBASH3B,9.090043485293851e-17,2.3149557,Yes,326,7353,K562
CBL,UBASH3B,MSN,CBL+UBASH3B,3.5773510953306253e-13,-0.55164146,Yes,326,7353,K562
CBL,UBASH3B,CTD-2527I21.7,CBL+UBASH3B,0.9767601556625798,-16.159565,No,326,7353,K562
CBL,UBASH3B,WNT8A,CBL+UBASH3B,1.0,0.0,No,326,7353,K562
CBL,UBASH3B,LINC00871,CBL+UBASH3B,1.0,0.0,No,326,7353,K562
FOXF1,HOXB9,HBZ,FOXF1+HOXB9,5.984119218138728e-20,-0.64085793,Yes,173,7353,K562
FOXF1,HOXB9,DDX21,FOXF1+HOXB9,5.7652669456232155e-25,-0.5761177,Yes,173,7353,K562
FOXF1,HOXB9,ARL6IP5,FOXF1+HOXB9,0.0013944299428543,0.7145963,Yes,173,7353,K562
FOXF1,HOXB9,RGPD5,FOXF1+HOXB9,0.7594334491497131,-19.837933,No,173,7353,K562
FOXF1,HOXB9,RP11-20D14.6,FOXF1+HOXB9,0.995113388867479,-13.785096,No,173,7353,K562
FOXF1,HOXB9,ARHGAP25,FOXF1+HOXB9,0.9257908161108992,0.3167839,No,173,7353,K562
CNN1,UBASH3B,CYP3A5,UBASH3B+CNN1,0.0247860909418282,1.119987,Yes,355,7353,K562
CNN1,UBASH3B,KIF2C,UBASH3B+CNN1,8.49596639284554e-07,-0.5390682,Yes,355,7353,K562
CNN1,UBASH3B,SERPINB9,UBASH3B+CNN1,0.041298506202826,-0.88172936,Yes,355,7353,K562
CNN1,UBASH3B,RP11-1191J2.5,UBASH3B+CNN1,1.0,0.0,No,355,7353,K562
CNN1,UBASH3B,POLR2J3,UBASH3B+CNN1,0.0003640449466769,0.1346944,No,355,7353,K562
CNN1,UBASH3B,CTD-2314B22.1,UBASH3B+CNN1,1.0,0.0,No,355,7353,K562
CEBPB,PTPN12,PCAT14,CEBPB+PTPN12,0.0031676153696681,2.1604514,Yes,266,7353,K562
CEBPB,PTPN12,SPI1,CEBPB+PTPN12,0.0009982452551049,0.5604527,Yes,266,7353,K562
CEBPB,PTPN12,MT1E,CEBPB+PTPN12,1.7544453893988065e-06,-1.1164882,Yes,266,7353,K562
CEBPB,PTPN12,LINC01402,CEBPB+PTPN12,1.0,0.0,No,266,7353,K562
CEBPB,PTPN12,CTB-92J24.3,CEBPB+PTPN12,1.0,0.0,No,266,7353,K562
CEBPB,PTPN12,TGIF2LX,CEBPB+PTPN12,1.0,0.0,No,266,7353,K562
CEBPB,MAPK1,SERPING1,CEBPB+MAPK1,7.3337544700648e-21,1.4647394,Yes,337,7353,K562
CEBPB,MAPK1,AC020571.3,CEBPB+MAPK1,3.284151601031145e-08,1.7963088,Yes,337,7353,K562
CEBPB,MAPK1,GLRX,CEBPB+MAPK1,1.0661358398014682e-28,1.7283382,Yes,337,7353,K562
CEBPB,MAPK1,DNASE1,CEBPB+MAPK1,0.1817052701063178,0.7569978,No,337,7353,K562
CEBPB,MAPK1,AC022182.1,CEBPB+MAPK1,1.0,0.0,No,337,7353,K562
CEBPB,MAPK1,LIMS1,CEBPB+MAPK1,0.0192451999773403,0.14695174,No,337,7353,K562
FOSB,UBASH3B,SLC40A1,FOSB+UBASH3B,1.584163556481161e-05,0.62061274,Yes,363,7353,K562
FOSB,UBASH3B,LST1,FOSB+UBASH3B,2.605670342568042e-13,1.9173976,Yes,363,7353,K562
FOSB,UBASH3B,CSF3R,FOSB+UBASH3B,2.644046737071315e-06,1.558615,Yes,363,7353,K562
FOSB,UBASH3B,N4BP2L1,FOSB+UBASH3B,0.9023735491451764,-17.858746,No,363,7353,K562
FOSB,UBASH3B,BSND,FOSB+UBASH3B,1.0,0.0,No,363,7353,K562
FOSB,UBASH3B,KRT19,FOSB+UBASH3B,0.9965046064612262,-13.293727,No,363,7353,K562
ETS2,MAPK1,ARID5B,ETS2+MAPK1,3.7848642696089777e-19,1.6077385,Yes,432,7353,K562
ETS2,MAPK1,SH3BGRL,ETS2+MAPK1,3.489646619058868e-21,0.7793541,Yes,432,7353,K562
ETS2,MAPK1,AC079466.1,ETS2+MAPK1,8.863184918748328e-77,-1.664269,Yes,432,7353,K562
ETS2,MAPK1,GPX6,ETS2+MAPK1,1.0,0.0,No,432,7353,K562
ETS2,MAPK1,RP11-688G15.3,ETS2+MAPK1,1.0,0.0,No,432,7353,K562
ETS2,MAPK1,NUMB,ETS2+MAPK1,0.3807249379911896,0.4477439,No,432,7353,K562
SNAI1,UBASH3B,FAM19A2,SNAI1+UBASH3B,0.0161269013801919,-0.7843921,Yes,256,7353,K562
SNAI1,UBASH3B,ALAS2,SNAI1+UBASH3B,1.3094722185635108e-65,2.4416702,Yes,256,7353,K562
SNAI1,UBASH3B,TCF4,SNAI1+UBASH3B,1.2861686438710842e-10,0.7289279,Yes,256,7353,K562
SNAI1,UBASH3B,FXYD4,SNAI1+UBASH3B,1.0,0.0,No,256,7353,K562
SNAI1,UBASH3B,TTLL6,SNAI1+UBASH3B,0.9911323534626942,-14.954378,No,256,7353,K562
SNAI1,UBASH3B,CCDC74B,SNAI1+UBASH3B,0.9911323534626942,-14.754749,No,256,7353,K562
DUSP9,IGDCC3,UBE2H,DUSP9+IGDCC3,4.110455700830283e-09,1.0086551,Yes,323,7353,K562
DUSP9,IGDCC3,CD93,DUSP9+IGDCC3,1.290105443598025e-07,2.4036121,Yes,323,7353,K562
DUSP9,IGDCC3,TF,DUSP9+IGDCC3,9.083654330269759e-21,4.07378,Yes,323,7353,K562
DUSP9,IGDCC3,LINC01393,DUSP9+IGDCC3,1.0,0.0,No,323,7353,K562
DUSP9,IGDCC3,P2RX7,DUSP9+IGDCC3,0.9801673650316656,-15.868206,No,323,7353,K562
DUSP9,IGDCC3,SLC34A3,DUSP9+IGDCC3,1.0,0.0,No,323,7353,K562
CBL,PTPN12,AIF1,CBL+PTPN12,5.528279441728199e-17,-1.2981552,Yes,257,7353,K562
CBL,PTPN12,S100A11,CBL+PTPN12,5.168614737367987e-42,-1.0677072,Yes,257,7353,K562
CBL,PTPN12,TCF4,CBL+PTPN12,1.2019248579627839e-17,0.9567184,Yes,257,7353,K562
CBL,PTPN12,ADRBK2,CBL+PTPN12,0.1923438091908098,-1.4728518,No,257,7353,K562
CBL,PTPN12,SPNS2,CBL+PTPN12,0.9940770220829264,-14.037351,No,257,7353,K562
CBL,PTPN12,COL18A1-AS2,CBL+PTPN12,1.0,0.0,No,257,7353,K562
CEBPB,OSR2,SNX10,CEBPB+OSR2,1.859243539305793e-06,1.2884612,Yes,188,7353,K562
CEBPB,OSR2,CENPF,CEBPB+OSR2,4.107811214169494e-11,-0.5891898,Yes,188,7353,K562
CEBPB,OSR2,ITGB2,CEBPB+OSR2,3.104013993958778e-13,3.942473,Yes,188,7353,K562
CEBPB,OSR2,AC007787.2,CEBPB+OSR2,1.0,0.0,No,188,7353,K562
CEBPB,OSR2,RP11-796E2.4,CEBPB+OSR2,0.5283767539562341,0.65026927,No,188,7353,K562
CEBPB,OSR2,TTLL7,CEBPB+OSR2,0.98472034277358,0.30032492,No,188,7353,K562
CEBPE,PTPN12,CORO1A,CEBPE+PTPN12,0.006483787253469,1.1914942,Yes,317,7353,K562
CEBPE,PTPN12,ARHGDIB,CEBPE+PTPN12,0.0140091360883585,0.7698686,Yes,317,7353,K562
CEBPE,PTPN12,APOBR,CEBPE+PTPN12,0.0016742704497063,1.0775075,Yes,317,7353,K562
CEBPE,PTPN12,ZBED6,CEBPE+PTPN12,0.9704898147155038,0.23866463,No,317,7353,K562
CEBPE,PTPN12,RP11-70C1.1,CEBPE+PTPN12,1.0,0.0,No,317,7353,K562
CEBPE,PTPN12,NUMB,CEBPE+PTPN12,0.5819638326889796,0.2619033,No,317,7353,K562
S1PR2,SGK1,FAM178B,SGK1+S1PR2,2.498926404547253e-10,-1.5067496,Yes,312,7353,K562
S1PR2,SGK1,CCS,SGK1+S1PR2,0.0309303087932218,0.6423819,Yes,312,7353,K562
S1PR2,SGK1,VAT1,SGK1+S1PR2,0.0001895875639617,0.60134447,Yes,312,7353,K562
S1PR2,SGK1,FAM159A,SGK1+S1PR2,0.9869952485472916,-14.958015,No,312,7353,K562
S1PR2,SGK1,HOXB3,SGK1+S1PR2,0.9524774045520392,0.16689157,No,312,7353,K562
S1PR2,SGK1,C10orf53,SGK1+S1PR2,1.0,0.0,No,312,7353,K562
DUSP9,KLF1,CEBPD,DUSP9+KLF1,9.229722908117924e-05,-0.9932716,Yes,320,7353,K562
DUSP9,KLF1,LGALS1,DUSP9+KLF1,8.720784491872059e-32,0.8175836,Yes,320,7353,K562
DUSP9,KLF1,FAXDC2,DUSP9+KLF1,0.000360573553392,1.9292684,Yes,320,7353,K562
DUSP9,KLF1,MMP19,DUSP9+KLF1,0.9605031559893008,1.2554436,No,320,7353,K562
DUSP9,KLF1,AMHR2,DUSP9+KLF1,0.2911799438992697,0.26875448,No,320,7353,K562
DUSP9,KLF1,P2RX3,DUSP9+KLF1,0.9967089743578008,-12.991124,No,320,7353,K562
SAMD1,UBASH3B,HEMGN,SAMD1+UBASH3B,4.515481172236542e-05,1.0867192,Yes,209,7353,K562
SAMD1,UBASH3B,SERPINF1,SAMD1+UBASH3B,7.057818081952994e-10,0.8520762,Yes,209,7353,K562
SAMD1,UBASH3B,MEF2C,SAMD1+UBASH3B,3.0494183947896146e-11,-0.59081936,Yes,209,7353,K562
SAMD1,UBASH3B,ABLIM3,SAMD1+UBASH3B,1.0,0.0,No,209,7353,K562
SAMD1,UBASH3B,PGLYRP2,SAMD1+UBASH3B,1.0,0.0,No,209,7353,K562
SAMD1,UBASH3B,PEBP4,SAMD1+UBASH3B,0.9406651794031023,1.2126837,No,209,7353,K562
FEV,ISL2,PECAM1,FEV+ISL2,0.01893870225177,7.0944576,Yes,272,7353,K562
FEV,ISL2,FILIP1L,FEV+ISL2,3.0917299340841986e-05,2.8773453,Yes,272,7353,K562
FEV,ISL2,GYPE,FEV+ISL2,2.0443850860927202e-16,0.86413443,Yes,272,7353,K562
FEV,ISL2,GPR39,FEV+ISL2,1.0,0.0,No,272,7353,K562
FEV,ISL2,PLB1,FEV+ISL2,0.9480808699997544,2.7645059,No,272,7353,K562
FEV,ISL2,HAP1,FEV+ISL2,0.8643750740373246,-1.1621566,No,272,7353,K562
CLDN6,KLF1,TACC1,KLF1+CLDN6,0.0227642314215862,0.5194802,Yes,215,7353,K562
CLDN6,KLF1,CDK1,KLF1+CLDN6,1.16711601930129e-06,-0.68887234,Yes,215,7353,K562
CLDN6,KLF1,CNN2,KLF1+CLDN6,1.7058526713037565e-08,-0.77217567,Yes,215,7353,K562
CLDN6,KLF1,MOGAT2,KLF1+CLDN6,0.9972837637283054,-13.232756,No,215,7353,K562
CLDN6,KLF1,LINC00304,KLF1+CLDN6,0.98913536969689,-14.746689,No,215,7353,K562
CLDN6,KLF1,AC026188.1,KLF1+CLDN6,0.9972837637283054,-13.010181,No,215,7353,K562
CBFA2T3,POU3F2,SKAP2,POU3F2+CBFA2T3,4.0561011626887935e-08,0.97278357,Yes,202,7353,K562
CBFA2T3,POU3F2,MYLIP,POU3F2+CBFA2T3,1.9330272351476816e-05,0.6590575,Yes,202,7353,K562
CBFA2T3,POU3F2,PPIC,POU3F2+CBFA2T3,4.295009440439133e-06,0.6647583,Yes,202,7353,K562
CBFA2T3,POU3F2,HCLS1,POU3F2+CBFA2T3,0.9027431728454168,-18.270351,No,202,7353,K562
CBFA2T3,POU3F2,ZFP36L1,POU3F2+CBFA2T3,0.5519676842745099,0.2531563,No,202,7353,K562
CBFA2T3,POU3F2,FTH1,POU3F2+CBFA2T3,7.67945836771681e-13,0.057312727,No,202,7353,K562
FOXA1,HOXB9,ITGAM,FOXA1+HOXB9,0.0054960978105754,3.8875804,Yes,266,7353,K562
FOXA1,HOXB9,VAT1,FOXA1+HOXB9,0.0029152325953581,0.6495172,Yes,266,7353,K562
FOXA1,HOXB9,MYO1F,FOXA1+HOXB9,7.479089258759301e-07,2.1315346,Yes,266,7353,K562
FOXA1,HOXB9,MBP,FOXA1+HOXB9,0.969895691329007,-16.433228,No,266,7353,K562
FOXA1,HOXB9,RP11-158M2.4,FOXA1+HOXB9,1.0,0.0,No,266,7353,K562
FOXA1,HOXB9,LINC00461,FOXA1+HOXB9,1.0,0.0,No,266,7353,K562
SAMD1,TGFBR2,PRSS57,SAMD1+TGFBR2,3.19540562485698e-13,-1.7975172,Yes,59,7353,K562
SAMD1,TGFBR2,UCP2,SAMD1+TGFBR2,0.0106989732472018,0.5827024,Yes,59,7353,K562
SAMD1,TGFBR2,FAM210B,SAMD1+TGFBR2,3.875414901010989e-05,0.91895366,Yes,59,7353,K562
SAMD1,TGFBR2,STEAP3-AS1,SAMD1+TGFBR2,0.998562204312785,-13.131266,No,59,7353,K562
SAMD1,TGFBR2,MYL12A,SAMD1+TGFBR2,0.7851666415833529,0.0026106983,No,59,7353,K562
SAMD1,TGFBR2,PLEK,SAMD1+TGFBR2,0.956887106763088,-18.006067,No,59,7353,K562
CEBPE,SPI1,RAC2,CEBPE+SPI1,0.000198152217985,0.85250443,Yes,175,7353,K562
CEBPE,SPI1,ORAI3,CEBPE+SPI1,1.529451658029338e-12,2.3413355,Yes,175,7353,K562
CEBPE,SPI1,CCDC189,CEBPE+SPI1,0.0326346281349572,2.0691414,Yes,175,7353,K562
CEBPE,SPI1,TRIM74,CEBPE+SPI1,1.0,0.0,No,175,7353,K562
CEBPE,SPI1,MCC,CEBPE+SPI1,0.945985627345246,-17.566761,No,175,7353,K562
CEBPE,SPI1,CYSLTR2,CEBPE+SPI1,0.8970479934138071,19.48146,No,175,7353,K562
CBL,TGFBR2,CBL,CBL+TGFBR2,9.893262934846356e-08,1.1892138,Yes,156,7353,K562
CBL,TGFBR2,IFITM2,CBL+TGFBR2,6.963740776869535e-10,-0.67182195,Yes,156,7353,K562
CBL,TGFBR2,FAM83A,CBL+TGFBR2,2.6936726976909673e-10,0.6948093,Yes,156,7353,K562
CBL,TGFBR2,MYADM,CBL+TGFBR2,0.5870060891939353,-0.49597025,No,156,7353,K562
CBL,TGFBR2,ABL2,CBL+TGFBR2,0.7533666108890535,0.091679096,No,156,7353,K562
CBL,TGFBR2,RHOXF1-AS1,CBL+TGFBR2,0.9939101691557004,0.20390034,No,156,7353,K562
SGK1,TBX2,PHGDH,SGK1+TBX2,0.0457442283778372,-0.59968734,Yes,287,7353,K562
SGK1,TBX2,ANXA2R,SGK1+TBX2,0.004640135743529,1.2265794,Yes,287,7353,K562
SGK1,TBX2,PRRG4,SGK1+TBX2,0.0477970733493029,6.4188476,Yes,287,7353,K562
SGK1,TBX2,CD101,SGK1+TBX2,0.9500574919227516,-16.961082,No,287,7353,K562
SGK1,TBX2,MT2A,SGK1+TBX2,2.4722540174888353e-08,-0.42154977,No,287,7353,K562
SGK1,TBX2,CYTH4,SGK1+TBX2,0.8993495132458088,1.5817366,No,287,7353,K562
FOXA1,FOXL2,ICAM4,FOXA1+FOXL2,0.0004699033763139,1.1226882,Yes,179,7353,K562
FOXA1,FOXL2,RP6-159A1.4,FOXA1+FOXL2,0.002493803661166,-0.600204,Yes,179,7353,K562
FOXA1,FOXL2,PLEKHH2,FOXA1+FOXL2,0.0042804309022103,1.7076352,Yes,179,7353,K562
FOXA1,FOXL2,IFIT2,FOXA1+FOXL2,0.9652302594395644,-16.898903,No,179,7353,K562
FOXA1,FOXL2,PLXNA4,FOXA1+FOXL2,0.9925470900008636,-14.462066,No,179,7353,K562
FOXA1,FOXL2,LGALS9,FOXA1+FOXL2,0.7314624861927752,-1.5322857,No,179,7353,K562
ETS2,MAP7D1,C10orf11,ETS2+MAP7D1,9.670961801826996e-06,0.898916,Yes,265,7353,K562
ETS2,MAP7D1,HIST1H2BJ,ETS2+MAP7D1,4.708406287706908e-12,-0.58502024,Yes,265,7353,K562
ETS2,MAP7D1,ARHGDIB,ETS2+MAP7D1,1.2177095321399977e-44,2.3732834,Yes,265,7353,K562
ETS2,MAP7D1,SLC52A1,ETS2+MAP7D1,0.993988702205368,-13.529695,No,265,7353,K562
ETS2,MAP7D1,DMD,ETS2+MAP7D1,0.9969943297765403,-13.844028,No,265,7353,K562
ETS2,MAP7D1,DOK3,ETS2+MAP7D1,0.3098137007653065,0.6212528,No,265,7353,K562
FOXF1,FOXL2,OAZ2,FOXF1+FOXL2,5.100929566675625e-07,0.52957714,Yes,173,7353,K562
FOXF1,FOXL2,HBA1,FOXF1+FOXL2,4.0313245361639163e-07,-1.2664528,Yes,173,7353,K562
FOXF1,FOXL2,CDCA8,FOXF1+FOXL2,1.112162456943726e-05,-0.6985886,Yes,173,7353,K562
FOXF1,FOXL2,RP11-521D12.1,FOXF1+FOXL2,0.9975566829778628,-13.23859,No,173,7353,K562
FOXF1,FOXL2,RP11-383C6.2,FOXF1+FOXL2,1.0,0.0,No,173,7353,K562
FOXF1,FOXL2,AC017002.4,FOXF1+FOXL2,1.0,0.0,No,173,7353,K562
ETS2,PRTG,RABGAP1L,ETS2+PRTG,0.0063275326651445,0.84083724,Yes,354,7353,K562
ETS2,PRTG,MDK,ETS2+PRTG,1.6499706286829857e-42,-0.90223455,Yes,354,7353,K562
ETS2,PRTG,ALAS2,ETS2+PRTG,8.324312450784418e-119,2.7365787,Yes,354,7353,K562
ETS2,PRTG,CD24,ETS2+PRTG,0.9069588401875436,-17.858042,No,354,7353,K562
ETS2,PRTG,RP11-461M2.2,ETS2+PRTG,1.0,0.0,No,354,7353,K562
ETS2,PRTG,JMJD1C-AS1,ETS2+PRTG,0.3945880462004002,0.9396043,No,354,7353,K562
AHR,FEV,ITM2B,AHR+FEV,8.825613693826072e-24,0.6374068,Yes,264,7353,K562
AHR,FEV,SP6,AHR+FEV,0.0001808087226962,4.6302767,Yes,264,7353,K562
AHR,FEV,HBE1,AHR+FEV,2.034883597219134e-20,5.520198,Yes,264,7353,K562
AHR,FEV,QPCT,AHR+FEV,1.0,0.0,No,264,7353,K562
AHR,FEV,EVC,AHR+FEV,1.0,0.0,No,264,7353,K562
AHR,FEV,ATP9A,AHR+FEV,0.9165901789210152,18.219015,No,264,7353,K562
KLF1,TGFBR2,CD3G,KLF1+TGFBR2,0.0017122979689528,7.7810297,Yes,263,7353,K562
KLF1,TGFBR2,GABARAPL1,KLF1+TGFBR2,9.592037116116474e-05,0.9204445,Yes,263,7353,K562
KLF1,TGFBR2,FEV,KLF1+TGFBR2,0.0002649491932463,-0.9294882,Yes,263,7353,K562
KLF1,TGFBR2,AC061992.2,KLF1+TGFBR2,0.9910160695727118,-14.427199,No,263,7353,K562
KLF1,TGFBR2,CSRP3,KLF1+TGFBR2,1.0,0.0,No,263,7353,K562
KLF1,TGFBR2,GBP3,KLF1+TGFBR2,0.9910160695727118,-15.128358,No,263,7353,K562
CBFA2T3,FEV,WDR43,FEV+CBFA2T3,4.4321808026969646e-27,-1.2590749,Yes,153,7353,K562
CBFA2T3,FEV,GAD1,FEV+CBFA2T3,0.0017620694644019,0.9590683,Yes,153,7353,K562
CBFA2T3,FEV,PNRC1,FEV+CBFA2T3,0.0314667992717917,1.3384943,Yes,153,7353,K562
CBFA2T3,FEV,HLA-DRA,FEV+CBFA2T3,0.9976991923566289,-12.923551,No,153,7353,K562
CBFA2T3,FEV,RP11-215P8.3,FEV+CBFA2T3,0.9672114012467234,1.277112,No,153,7353,K562
CBFA2T3,FEV,HAS1,FEV+CBFA2T3,0.7991857645794591,4.930727,No,153,7353,K562
ETS2,IKZF3,CNTRL,ETS2+IKZF3,0.0101799880905109,0.6363461,Yes,388,7353,K562
ETS2,IKZF3,CRYAB,ETS2+IKZF3,3.585184354881391e-05,-1.1743884,Yes,388,7353,K562
ETS2,IKZF3,CYBA,ETS2+IKZF3,1.0270349266464936e-71,0.5908112,Yes,388,7353,K562
ETS2,IKZF3,CLNK,ETS2+IKZF3,0.8778120466974685,-18.270823,No,388,7353,K562
ETS2,IKZF3,RLN3,ETS2+IKZF3,1.0,0.0,No,388,7353,K562
ETS2,IKZF3,RP11-63P12.7,ETS2+IKZF3,0.9854203248580898,-0.3721552,No,388,7353,K562
CEBPB,LYL1,GAL,LYL1+CEBPB,1.5151977520527717e-13,-0.54138744,Yes,159,7353,K562
CEBPB,LYL1,CTD-2012K14.6,LYL1+CEBPB,0.0036191792517951,2.4857874,Yes,159,7353,K562
CEBPB,LYL1,MS4A3,LYL1+CEBPB,0.0072254121737663,1.2434847,Yes,159,7353,K562
CEBPB,LYL1,RP11-212I21.4,LYL1+CEBPB,0.8932524867565718,0.84294033,No,159,7353,K562
CEBPB,LYL1,APOC4,LYL1+CEBPB,1.0,0.0,No,159,7353,K562
CEBPB,LYL1,RP11-34P13.8,LYL1+CEBPB,1.0,0.0,No,159,7353,K562
PTPN12,ZBTB25,AC007246.3,PTPN12+ZBTB25,1.442911589670625e-06,-0.91194534,Yes,257,7353,K562
PTPN12,ZBTB25,TPP1,PTPN12+ZBTB25,0.0067351421269447,0.6290437,Yes,257,7353,K562
PTPN12,ZBTB25,CD53,PTPN12+ZBTB25,2.019332034699552e-06,-0.7993429,Yes,257,7353,K562
PTPN12,ZBTB25,ACSL1,PTPN12+ZBTB25,0.7138904937769108,-0.36068773,No,257,7353,K562
PTPN12,ZBTB25,GSN-AS1,PTPN12+ZBTB25,0.9940770220829264,-14.069403,No,257,7353,K562
PTPN12,ZBTB25,FAM166B,PTPN12+ZBTB25,0.9418698277214864,2.006874,No,257,7353,K562
DUSP9,SNAI1,CBFA2T3,DUSP9+SNAI1,5.6514146499642056e-05,-0.75505245,Yes,168,7353,K562
DUSP9,SNAI1,HSPA8,DUSP9+SNAI1,5.912165362658492e-15,-0.5294558,Yes,168,7353,K562
DUSP9,SNAI1,TAC3,DUSP9+SNAI1,0.011086412122685,0.9155942,Yes,168,7353,K562
DUSP9,SNAI1,CLEC6A,DUSP9+SNAI1,0.9044749972395196,3.4276981,No,168,7353,K562
DUSP9,SNAI1,RP11-460I13.2,DUSP9+SNAI1,1.0,0.0,No,168,7353,K562
DUSP9,SNAI1,STC1,DUSP9+SNAI1,0.9951829213244766,-15.16624,No,168,7353,K562
RHOXF2BB,ZBTB25,PTK2B,RHOXF2BB+ZBTB25,0.0193411305692963,1.5791655,Yes,205,7353,K562
RHOXF2BB,ZBTB25,TSC22D1,RHOXF2BB+ZBTB25,0.0102515686795837,0.52345514,Yes,205,7353,K562
RHOXF2BB,ZBTB25,MRC2,RHOXF2BB+ZBTB25,0.0078967068543124,1.4023213,Yes,205,7353,K562
RHOXF2BB,ZBTB25,CLIP2,RHOXF2BB+ZBTB25,0.7240375744477401,0.9401498,No,205,7353,K562
RHOXF2BB,ZBTB25,RP13-977J11.2,RHOXF2BB+ZBTB25,0.965507777377793,-16.702202,No,205,7353,K562
RHOXF2BB,ZBTB25,ODF3,RHOXF2BB+ZBTB25,1.0,0.0,No,205,7353,K562
FOSB,IKZF3,RASGRP4,FOSB+IKZF3,0.0494764981540388,1.2174761,Yes,204,7353,K562
FOSB,IKZF3,RIT1,FOSB+IKZF3,0.0243706669217862,1.2803061,Yes,204,7353,K562
FOSB,IKZF3,AXL,FOSB+IKZF3,0.0227725152371877,1.3138008,Yes,204,7353,K562
FOSB,IKZF3,RP5-1042K10.13,FOSB+IKZF3,1.0,0.0,No,204,7353,K562
FOSB,IKZF3,MAGEA2,FOSB+IKZF3,0.9735271717777316,-16.50598,No,204,7353,K562
FOSB,IKZF3,RP3-395M20.12,FOSB+IKZF3,0.8977711337026386,-0.86282015,No,204,7353,K562
PRTG,TGFBR2,MYB,TGFBR2+PRTG,7.667444193773463e-12,-1.1584617,Yes,208,7353,K562
PRTG,TGFBR2,GATA2,TGFBR2+PRTG,5.327748619226242e-05,-0.77868974,Yes,208,7353,K562
PRTG,TGFBR2,LMO2,TGFBR2+PRTG,6.579640538104922e-07,-0.5114313,Yes,208,7353,K562
PRTG,TGFBR2,PLAT,TGFBR2+PRTG,0.92689356745405,2.6352491,No,208,7353,K562
PRTG,TGFBR2,GSG1,TGFBR2+PRTG,0.9919814529673016,-14.901786,No,208,7353,K562
PRTG,TGFBR2,SMIM3,TGFBR2+PRTG,0.6889430046887874,-1.0083284,No,208,7353,K562
RHOXF2BB,SET,CTSS,RHOXF2BB+SET,0.0002321087578968,-1.0009682,Yes,267,7353,K562
RHOXF2BB,SET,GABPB1-AS1,RHOXF2BB+SET,1.8568572909399026e-15,0.7978444,Yes,267,7353,K562
RHOXF2BB,SET,SYP,RHOXF2BB+SET,6.623118702912034e-08,1.7073492,Yes,267,7353,K562
RHOXF2BB,SET,RP11-350J20.12,RHOXF2BB+SET,1.0,0.0,No,267,7353,K562
RHOXF2BB,SET,ST3GAL6,RHOXF2BB+SET,0.9939668529215328,-14.594296,No,267,7353,K562
RHOXF2BB,SET,PGA5,RHOXF2BB+SET,0.7353937626768823,-2.1117644,No,267,7353,K562
FOSB,PTPN12,ANKRD10,FOSB+PTPN12,1.1793485094583945e-08,0.6227762,Yes,291,7353,K562
FOSB,PTPN12,CCR10,FOSB+PTPN12,0.0101450094678745,0.6349721,Yes,291,7353,K562
FOSB,PTPN12,PIM1,FOSB+PTPN12,2.3211430524796503e-09,-0.9468932,Yes,291,7353,K562
FOSB,PTPN12,RP1-187B23.1,FOSB+PTPN12,0.9779925807328964,-16.219969,No,291,7353,K562
FOSB,PTPN12,RP1-23E21.2,FOSB+PTPN12,0.996855692356888,-12.993695,No,291,7353,K562
FOSB,PTPN12,RNF130,FOSB+PTPN12,0.3114907659503299,-0.109705806,No,291,7353,K562
PTPN12,SAMD1,MAPRE3,SAMD1+PTPN12,3.0866114882952644e-05,2.0277255,Yes,292,7353,K562
PTPN12,SAMD1,HES4,SAMD1+PTPN12,0.0009301957913247,-0.5354328,Yes,292,7353,K562
PTPN12,SAMD1,CD93,SAMD1+PTPN12,6.093913070677623e-06,2.4053285,Yes,292,7353,K562
PTPN12,SAMD1,CTD-2507G9.1,SAMD1+PTPN12,0.9968505004043656,-13.11007,No,292,7353,K562
PTPN12,SAMD1,SCN11A,SAMD1+PTPN12,0.9842534834342188,-15.454898,No,292,7353,K562
PTPN12,SAMD1,CENPE,SAMD1+PTPN12,0.0011647448599817,-0.28370154,No,292,7353,K562
FOSB,OSR2,PRSS57,FOSB+OSR2,4.4642326760158336e-80,0.9608241,Yes,324,7353,K562
FOSB,OSR2,LACTB,FOSB+OSR2,0.0035528138279031,1.2832422,Yes,324,7353,K562
FOSB,OSR2,CIB3,FOSB+OSR2,0.0001732668659349,8.8737955,Yes,324,7353,K562
FOSB,OSR2,STIL,FOSB+OSR2,0.2690710573666723,-0.28560352,No,324,7353,K562
FOSB,OSR2,RP11-195M16.3,FOSB+OSR2,0.993378721306566,-13.752272,No,324,7353,K562
FOSB,OSR2,RP11-88I18.2,FOSB+OSR2,0.9520037250991618,-0.14315414,No,324,7353,K562
FOXL2,HOXB9,TRIM38,FOXL2+HOXB9,0.0121236197270766,1.4106576,Yes,87,7353,K562
FOXL2,HOXB9,NPC2,FOXL2+HOXB9,8.774093729589097e-06,1.2772459,Yes,87,7353,K562
FOXL2,HOXB9,CACYBP,FOXL2+HOXB9,2.479034484325569e-12,-0.6774616,Yes,87,7353,K562
FOXL2,HOXB9,IL27,FOXL2+HOXB9,1.0,0.0,No,87,7353,K562
FOXL2,HOXB9,SLC44A4,FOXL2+HOXB9,0.9494966634917038,-18.251871,No,87,7353,K562
FOXL2,HOXB9,LINC00500,FOXL2+HOXB9,1.0,0.0,No,87,7353,K562
ELMSAN1,ZBTB10,GRN,ZBTB10+ELMSAN1,0.0025676316458052,0.6278933,Yes,161,7353,K562
ELMSAN1,ZBTB10,ANXA2R,ZBTB10+ELMSAN1,0.0053177507745699,1.2734146,Yes,161,7353,K562
ELMSAN1,ZBTB10,FBXL20,ZBTB10+ELMSAN1,0.0263530864753513,0.89198315,Yes,161,7353,K562
ELMSAN1,ZBTB10,ASPHD1,ZBTB10+ELMSAN1,0.9781568956631548,-0.26196146,No,161,7353,K562
ELMSAN1,ZBTB10,RP11-220C2.1,ZBTB10+ELMSAN1,1.0,0.0,No,161,7353,K562
ELMSAN1,ZBTB10,TSSK4,ZBTB10+ELMSAN1,1.0,0.0,No,161,7353,K562
CEBPB,JUN,MT-ND6,JUN+CEBPB,1.333087266279693e-07,-0.6297257,Yes,52,7353,K562
CEBPB,JUN,ZNF431,JUN+CEBPB,0.0019419462738782,0.9405103,Yes,52,7353,K562
CEBPB,JUN,HN1,JUN+CEBPB,1.245244887120223e-05,-0.65803915,Yes,52,7353,K562
CEBPB,JUN,RP11-231D20.2,JUN+CEBPB,0.9905470773624648,-16.261211,No,52,7353,K562
CEBPB,JUN,ANXA2R,JUN+CEBPB,0.1419409607994746,1.381295,No,52,7353,K562
CEBPB,JUN,GYPC,JUN+CEBPB,1.86699686550858e-05,-0.437888,No,52,7353,K562
BPGM,ZBTB1,FAM234A,BPGM+ZBTB1,0.0022262070724612,0.6831018,Yes,283,7353,K562
BPGM,ZBTB1,SUSD3,BPGM+ZBTB1,0.0006941520997898,-1.2607985,Yes,283,7353,K562
BPGM,ZBTB1,HBA2,BPGM+ZBTB1,1.1817860005821222e-34,3.524546,Yes,283,7353,K562
BPGM,ZBTB1,AC004156.3,BPGM+ZBTB1,0.9875908306799164,-15.350058,No,283,7353,K562
BPGM,ZBTB1,DKFZp779M0652,BPGM+ZBTB1,0.9937952277278536,-13.989775,No,283,7353,K562
BPGM,ZBTB1,ANKRD22,BPGM+ZBTB1,1.0,0.0,No,283,7353,K562
SNAI1,ZBTB10,CLCN3,ZBTB10+SNAI1,0.001178357392054,0.96040493,Yes,85,7353,K562
SNAI1,ZBTB10,PTH2,ZBTB10+SNAI1,0.000359870693771,5.1473365,Yes,85,7353,K562
SNAI1,ZBTB10,RP11-887P2.5,ZBTB10+SNAI1,0.0014474955689047,5.1474094,Yes,85,7353,K562
SNAI1,ZBTB10,ANKRD22,ZBTB10+SNAI1,1.0,0.0,No,85,7353,K562
SNAI1,ZBTB10,HLA-DOA,ZBTB10+SNAI1,1.0,0.0,No,85,7353,K562
SNAI1,ZBTB10,SUCNR1,ZBTB10+SNAI1,1.0,0.0,No,85,7353,K562
CEBPB,CEBPE,GAD1,CEBPE+CEBPB,1.0387601534240461e-07,-1.446464,Yes,111,7353,K562
CEBPB,CEBPE,RELN,CEBPE+CEBPB,9.273144009282144e-06,-1.579276,Yes,111,7353,K562
CEBPB,CEBPE,DUSP22,CEBPE+CEBPB,3.9368105098627765e-05,1.7298214,Yes,111,7353,K562
CEBPB,CEBPE,VNN2,CEBPE+CEBPB,0.2206481984812595,4.901582,No,111,7353,K562
CEBPB,CEBPE,SV2B,CEBPE+CEBPB,1.0,0.0,No,111,7353,K562
CEBPB,CEBPE,CAPZA1,CEBPE+CEBPB,0.0028963752393262,0.25176585,No,111,7353,K562
CBFA2T3,PRDM1,SQLE,PRDM1+CBFA2T3,1.0135541827981224e-07,0.5365116,Yes,109,7353,K562
CBFA2T3,PRDM1,NUDC,PRDM1+CBFA2T3,1.2604836342821402e-08,-0.6051868,Yes,109,7353,K562
CBFA2T3,PRDM1,MPZL1,PRDM1+CBFA2T3,5.964056997217252e-07,-0.7999425,Yes,109,7353,K562
CBFA2T3,PRDM1,RP11-353K11.1,PRDM1+CBFA2T3,0.9766307877487752,-16.769724,No,109,7353,K562
CBFA2T3,PRDM1,FARP1-AS1,PRDM1+CBFA2T3,0.9961045897346668,-14.360968,No,109,7353,K562
CBFA2T3,PRDM1,RP11-96K19.2,PRDM1+CBFA2T3,0.9902616774420672,-15.214068,No,109,7353,K562
FOXA3,FOXF1,CDKN1C,FOXA3+FOXF1,0.0042185747402675,1.0135173,Yes,146,7353,K562
FOXA3,FOXF1,GAL,FOXA3+FOXF1,8.301894425489468e-29,-1.1393745,Yes,146,7353,K562
FOXA3,FOXF1,SAT1,FOXA3+FOXF1,0.0025368857652756,1.056108,Yes,146,7353,K562
FOXA3,FOXF1,TMEM59,FOXA3+FOXF1,0.105259065459018,0.17495647,No,146,7353,K562
FOXA3,FOXF1,TNFSF10,FOXA3+FOXF1,0.5467388421846604,-0.76223135,No,146,7353,K562
FOXA3,FOXF1,RP11-404E16.1,FOXA3+FOXF1,0.8915556798126203,5.4652457,No,146,7353,K562
C19orf26,TGFBR2,EMP3,TGFBR2+C19orf26,7.791251730134929e-17,-0.5436729,Yes,274,7353,K562
C19orf26,TGFBR2,LMO2,TGFBR2+C19orf26,2.5861284247908603e-10,-0.5482572,Yes,274,7353,K562
C19orf26,TGFBR2,CCPG1,TGFBR2+C19orf26,0.0176488863468552,-0.64773154,Yes,274,7353,K562
C19orf26,TGFBR2,RP11-445F12.1,TGFBR2+C19orf26,0.3268863885839393,-0.3361206,No,274,7353,K562
C19orf26,TGFBR2,TP53INP1,TGFBR2+C19orf26,0.6813359515049141,1.3322811,No,274,7353,K562
C19orf26,TGFBR2,TBX3,TGFBR2+C19orf26,0.993891084785636,-14.41805,No,274,7353,K562
FOXA3,FOXL2,SPC24,FOXA3+FOXL2,2.0297404943777355e-05,-1.0717584,Yes,113,7353,K562
FOXA3,FOXL2,DPYSL2,FOXA3+FOXL2,6.235927179626142e-05,1.4243095,Yes,113,7353,K562
FOXA3,FOXL2,MACF1,FOXA3+FOXL2,2.534317468038523e-05,0.65555394,Yes,113,7353,K562
FOXA3,FOXL2,PRSS35,FOXA3+FOXL2,1.0,0.0,No,113,7353,K562
FOXA3,FOXL2,CLDN4,FOXA3+FOXL2,0.9940522626160117,-14.381966,No,113,7353,K562
FOXA3,FOXL2,FMO1,FOXA3+FOXL2,1.0,0.0,No,113,7353,K562
CDKN1B,CDKN1C,NTS,CDKN1C+CDKN1B,0.0405154467859716,1.7861133,Yes,79,7353,K562
CDKN1B,CDKN1C,UCP2,CDKN1C+CDKN1B,7.75733757242309e-05,0.5643997,Yes,79,7353,K562
CDKN1B,CDKN1C,MYB,CDKN1C+CDKN1B,9.035305846134062e-05,-1.0151056,Yes,79,7353,K562
CDKN1B,CDKN1C,FBLN2,CDKN1C+CDKN1B,0.9840801176352858,-0.1648655,No,79,7353,K562
CDKN1B,CDKN1C,WNT6,CDKN1C+CDKN1B,1.0,0.0,No,79,7353,K562
CDKN1B,CDKN1C,SOST,CDKN1C+CDKN1B,0.9983385029625936,-13.155316,No,79,7353,K562
CEBPA,ZC3HAV1,GTSE1,ZC3HAV1+CEBPA,0.0017659253965138,-0.7992959,Yes,124,7353,K562
CEBPA,ZC3HAV1,SEPP1,ZC3HAV1+CEBPA,5.204502641700717e-07,-0.6009581,Yes,124,7353,K562
CEBPA,ZC3HAV1,TKFC,ZC3HAV1+CEBPA,0.0002974422810985,-1.1054595,Yes,124,7353,K562
CEBPA,ZC3HAV1,PTH2R,ZC3HAV1+CEBPA,0.2141842522200641,2.9323173,No,124,7353,K562
CEBPA,ZC3HAV1,NKG7,ZC3HAV1+CEBPA,0.1417763577082979,1.3418576,No,124,7353,K562
CEBPA,ZC3HAV1,MT-ND2,ZC3HAV1+CEBPA,3.5607913339248294e-22,-0.1464076,No,124,7353,K562
CDKN1A,CDKN1C,CDC20,CDKN1C+CDKN1A,0.0018751271465852,-0.9385431,Yes,80,7353,K562
CDKN1A,CDKN1C,DCAF13,CDKN1C+CDKN1A,0.0065011916604233,-0.86857474,Yes,80,7353,K562
CDKN1A,CDKN1C,C17orf99,CDKN1C+CDKN1A,8.765226642029307e-08,4.774436,Yes,80,7353,K562
CDKN1A,CDKN1C,U47924.27,CDKN1C+CDKN1A,1.0,0.0,No,80,7353,K562
CDKN1A,CDKN1C,UBE2E2-AS1,CDKN1C+CDKN1A,1.0,0.0,No,80,7353,K562
CDKN1A,CDKN1C,PERM1,CDKN1C+CDKN1A,1.0,0.0,No,80,7353,K562
DLX2,ZBTB10,HOXB-AS1,ZBTB10+DLX2,0.0094561589761178,1.6236588,Yes,74,7353,K562
DLX2,ZBTB10,VIM,ZBTB10+DLX2,8.29794450800203e-16,0.81850576,Yes,74,7353,K562
DLX2,ZBTB10,BMP2K,ZBTB10+DLX2,5.521694735349243e-06,0.9218117,Yes,74,7353,K562
DLX2,ZBTB10,BFSP2-AS1,ZBTB10+DLX2,0.9887401671805996,-15.713595,No,74,7353,K562
DLX2,ZBTB10,DGKG,ZBTB10+DLX2,1.0,0.0,No,74,7353,K562
DLX2,ZBTB10,C10orf53,ZBTB10+DLX2,1.0,0.0,No,74,7353,K562
FOXA1,FOXF1,LMO2,FOXA1+FOXF1,1.2217749907669667e-09,-0.5905964,Yes,237,7353,K562
FOXA1,FOXF1,SLC20A1,FOXA1+FOXF1,0.0003105281551087,-0.6339536,Yes,237,7353,K562
FOXA1,FOXF1,S100A10,FOXA1+FOXF1,0.0003358924254617,-0.5067774,Yes,237,7353,K562
FOXA1,FOXF1,FABP2,FOXA1+FOXF1,1.0,0.0,No,237,7353,K562
FOXA1,FOXF1,AC005281.2,FOXA1+FOXF1,1.0,0.0,No,237,7353,K562
FOXA1,FOXF1,NTN5,FOXA1+FOXF1,0.9600168830588344,0.8799858,No,237,7353,K562
PLK4,STIL,ERV3-1,PLK4+STIL,0.0455526492164271,0.63261884,Yes,66,7353,K562
PLK4,STIL,HLA-C,PLK4+STIL,0.0030184933224254,1.186676,Yes,66,7353,K562
PLK4,STIL,PTPN7,PLK4+STIL,0.0005775821904219,-0.5723468,Yes,66,7353,K562
PLK4,STIL,PAX5,PLK4+STIL,1.0,0.0,No,66,7353,K562
PLK4,STIL,DLK1,PLK4+STIL,0.8422273989837316,4.2641625,No,66,7353,K562
PLK4,STIL,DPP6,PLK4+STIL,0.9984800190032238,-13.109554,No,66,7353,K562
CBL,UBASH3A,COL18A1,CBL+UBASH3A,0.0003777979638848,0.6230622,Yes,50,7353,K562
CBL,UBASH3A,LINC00467,CBL+UBASH3A,0.01284707064574,0.7651175,Yes,50,7353,K562
CBL,UBASH3A,GYPE,CBL+UBASH3A,1.8181067112073328e-06,0.9498231,Yes,50,7353,K562
CBL,UBASH3A,DUSP13,CBL+UBASH3A,0.7425892353150958,0.43149114,No,50,7353,K562
CBL,UBASH3A,RP11-85G18.6,CBL+UBASH3A,0.9986755974643776,-13.128719,No,50,7353,K562
CBL,UBASH3A,MYOZ2,CBL+UBASH3A,1.0,0.0,No,50,7353,K562
DLX2,SNAI1,RNASET2,SNAI1+DLX2,5.763967911801213e-45,2.5861082,Yes,107,7353,K562
DLX2,SNAI1,NPC2,SNAI1+DLX2,1.0914705687632384e-08,1.1975095,Yes,107,7353,K562
DLX2,SNAI1,HIST1H2BG,SNAI1+DLX2,0.0281537688807285,-1.2953031,Yes,107,7353,K562
DLX2,SNAI1,HSD17B4,SNAI1+DLX2,0.7721627242428287,0.50944805,No,107,7353,K562
DLX2,SNAI1,BPIFB1,SNAI1+DLX2,1.0,0.0,No,107,7353,K562
DLX2,SNAI1,HES1,SNAI1+DLX2,0.2580011258607921,0.44419265,No,107,7353,K562
IGDCC3,PRTG,ANXA2R,IGDCC3+PRTG,0.0007619719238366,1.3797789,Yes,108,7353,K562
IGDCC3,PRTG,TNNI3,IGDCC3+PRTG,5.267247452058276e-07,1.7231327,Yes,108,7353,K562
IGDCC3,PRTG,MT1E,IGDCC3+PRTG,0.0003309986950545,-1.3787458,Yes,108,7353,K562
IGDCC3,PRTG,RP11-212P7.2,IGDCC3+PRTG,0.5741376951190535,0.89597034,No,108,7353,K562
IGDCC3,PRTG,BNIPL,IGDCC3+PRTG,0.936085214376883,-18.099667,No,108,7353,K562
IGDCC3,PRTG,RP3-439F8.1,IGDCC3+PRTG,1.0,0.0,No,108,7353,K562
CDKN1A,CDKN1B,KLHL24,CDKN1B+CDKN1A,0.0166314450359435,1.3605168,Yes,98,7353,K562
CDKN1A,CDKN1B,MKI67,CDKN1B+CDKN1A,4.204430858712578e-06,-0.82418394,Yes,98,7353,K562
CDKN1A,CDKN1B,ZBTB38,CDKN1B+CDKN1A,0.041143704936674,0.80296683,Yes,98,7353,K562
CDKN1A,CDKN1B,SPNS3,CDKN1B+CDKN1A,1.0,0.0,No,98,7353,K562
CDKN1A,CDKN1B,CKMT2,CDKN1B+CDKN1A,1.0,0.0,No,98,7353,K562
CDKN1A,CDKN1B,RP11-3B12.2,CDKN1B+CDKN1A,0.9981518184424916,-13.3243885,No,98,7353,K562
C3orf72,FOXL2,FAM89A,C3orf72+FOXL2,0.0035559228383528,-0.6081105,Yes,49,7353,K562
C3orf72,FOXL2,BST2,C3orf72+FOXL2,0.0220513581702013,2.1541948,Yes,49,7353,K562
C3orf72,FOXL2,SERPINB1,C3orf72+FOXL2,0.0141073406979515,0.83188343,Yes,49,7353,K562
C3orf72,FOXL2,CTC-367J11.1,C3orf72+FOXL2,0.9908219370244004,-16.043257,No,49,7353,K562
C3orf72,FOXL2,ANKRD61,C3orf72+FOXL2,0.9986888198201126,-12.809672,No,49,7353,K562
C3orf72,FOXL2,RP11-338K17.8,C3orf72+FOXL2,0.9868887824175568,-17.216942,No,49,7353,K562
